model_id,direction_or_slice,metric,value,unit,split,checkpoint_id,evidence_path
train_20260927T000510Z_b9df2210,best_checkpoint_full_split,cross_entropy,0.8825959463142355,nats/character,training,epoch_010,task1_llm/Yuyao_Ding/outputs/train_20260927T000510Z_b9df2210/metrics.json
train_20260927T000510Z_b9df2210,best_checkpoint_full_split,perplexity,2.4171664031089257,dimensionless,training,epoch_010,task1_llm/Yuyao_Ding/outputs/train_20260927T000510Z_b9df2210/metrics.json
train_20260927T000510Z_b9df2210,best_checkpoint_full_split,bits_per_character,1.2733167948562494,bits/character,training,epoch_010,task1_llm/Yuyao_Ding/outputs/train_20260927T000510Z_b9df2210/metrics.json
train_20260927T000510Z_b9df2210,best_checkpoint_full_split,top1_accuracy,0.7226870632980824,fraction,training,epoch_010,task1_llm/Yuyao_Ding/outputs/train_20260927T000510Z_b9df2210/metrics.json
train_20260927T000510Z_b9df2210,best_checkpoint_full_split,target_tokens,88792832,characters,training,epoch_010,task1_llm/Yuyao_Ding/outputs/train_20260927T000510Z_b9df2210/metrics.json
train_20260927T000510Z_b9df2210,best_checkpoint_full_split,cross_entropy,0.8821135643998869,nats/character,validation,epoch_010,task1_llm/Yuyao_Ding/outputs/train_20260927T000510Z_b9df2210/metrics.json
train_20260927T000510Z_b9df2210,best_checkpoint_full_split,perplexity,2.4160006869348987,dimensionless,validation,epoch_010,task1_llm/Yuyao_Ding/outputs/train_20260927T000510Z_b9df2210/metrics.json
train_20260927T000510Z_b9df2210,best_checkpoint_full_split,bits_per_character,1.272620864860604,bits/character,validation,epoch_010,task1_llm/Yuyao_Ding/outputs/train_20260927T000510Z_b9df2210/metrics.json
train_20260927T000510Z_b9df2210,best_checkpoint_full_split,top1_accuracy,0.7231161471523647,fraction,validation,epoch_010,task1_llm/Yuyao_Ding/outputs/train_20260927T000510Z_b9df2210/metrics.json
train_20260927T000510Z_b9df2210,best_checkpoint_full_split,target_tokens,8693248,characters,validation,epoch_010,task1_llm/Yuyao_Ding/outputs/train_20260927T000510Z_b9df2210/metrics.json
train_20260927T000510Z_b9df2210,best_checkpoint_full_split,generalization_gap_validation_minus_training,-0.00048238191434868405,nats/character,validation_minus_training,epoch_010,task1_llm/Yuyao_Ding/outputs/train_20260927T000510Z_b9df2210/metrics.json
train_20260927T000510Z_b9df2210,formal_run,parameter_count,456192,parameters,training,epoch_010,task1_llm/Yuyao_Ding/outputs/train_20260927T000510Z_b9df2210/metrics.json
train_20260927T000510Z_b9df2210,formal_run,completed_epochs,10,epochs,training,epoch_010,task1_llm/Yuyao_Ding/outputs/train_20260927T000510Z_b9df2210/metrics.json
train_20260927T000510Z_b9df2210,formal_run,best_epoch,10,epoch,training,epoch_010,task1_llm/Yuyao_Ding/outputs/train_20260927T000510Z_b9df2210/metrics.json
train_20260927T000510Z_b9df2210,formal_run,training_seconds_excluding_evaluation_and_checkpoints,1189.1937178000808,seconds,training,epoch_010,task1_llm/Yuyao_Ding/outputs/train_20260927T000510Z_b9df2210/metrics.json
train_20260927T000510Z_b9df2210,formal_run,training_tokens_per_second,746664.1529544916,characters/second,training,epoch_010,task1_llm/Yuyao_Ding/outputs/train_20260927T000510Z_b9df2210/metrics.json
train_20260927T000510Z_b9df2210,formal_run,this_segment_wall_seconds,1247.8185056999791,seconds,training,epoch_010,task1_llm/Yuyao_Ding/outputs/train_20260927T000510Z_b9df2210/metrics.json
train_20260927T000510Z_b9df2210,formal_run,nonfinite_events,0,events,training,epoch_010,task1_llm/Yuyao_Ding/outputs/train_20260927T000510Z_b9df2210/metrics.json
train_20260927T000510Z_b9df2210,formal_run,optimizer_steps,54200,steps,training,epoch_010,reproducibility/raw_logs/Yuyao_Ding/train_20260927T000510Z_b9df2210.jsonl
train_20260927T000510Z_b9df2210,formal_run,total_training_target_tokens,887928320,characters,training,epoch_010,reproducibility/raw_logs/Yuyao_Ding/train_20260927T000510Z_b9df2210.jsonl
train_20260927T000510Z_b9df2210,all_training_steps_before_clip,gradient_norm_mean_before_clip,0.7152056757797834,L2 norm,training,epoch_010,reproducibility/raw_logs/Yuyao_Ding/train_20260927T000510Z_b9df2210.jsonl
train_20260927T000510Z_b9df2210,all_training_steps_before_clip,gradient_norm_median_before_clip,0.6374788582324982,L2 norm,training,epoch_010,reproducibility/raw_logs/Yuyao_Ding/train_20260927T000510Z_b9df2210.jsonl
train_20260927T000510Z_b9df2210,all_training_steps_before_clip,gradient_norm_max_before_clip,4.003296375274658,L2 norm,training,epoch_010,reproducibility/raw_logs/Yuyao_Ding/train_20260927T000510Z_b9df2210.jsonl
train_20260927T000510Z_b9df2210,before_clip_gt_1,gradient_norm_above_clip_count,3922,steps,training,epoch_010,reproducibility/raw_logs/Yuyao_Ding/train_20260927T000510Z_b9df2210.jsonl
train_20260927T000510Z_b9df2210,formal_run,minibatch_loss_max,4.661563396453857,nats/character,training,epoch_010,reproducibility/raw_logs/Yuyao_Ding/train_20260927T000510Z_b9df2210.jsonl
train_20260927T000510Z_b9df2210,within_epoch_at_global_step_49483,max_adjacent_minibatch_loss_increase,0.11490535736083984,nats/character,training,epoch_010,reproducibility/raw_logs/Yuyao_Ding/train_20260927T000510Z_b9df2210.jsonl
train_20260927T000510Z_b9df2210,posthoc_loss_gt_2x_previous_100_step_median_within_epoch,loss_spike_count,0,steps,training,epoch_010,reproducibility/raw_logs/Yuyao_Ding/train_20260927T000510Z_b9df2210.jsonl
train_20260927T000510Z_b9df2210,formal_run,nonfinite_loss_steps,0,steps,training,epoch_010,reproducibility/raw_logs/Yuyao_Ding/train_20260927T000510Z_b9df2210.jsonl
train_20260927T000510Z_b9df2210,formal_run,nonfinite_gradient_steps,0,steps,training,epoch_010,reproducibility/raw_logs/Yuyao_Ding/train_20260927T000510Z_b9df2210.jsonl
train_20260927T000510Z_b9df2210,process_lifetime,process_lifetime_peak_rss_bytes,2362290176,bytes,training,epoch_010,task1_llm/Yuyao_Ding/outputs/train_20260927T000510Z_b9df2210/metrics.json
train_20260927T000510Z_b9df2210,PyTorch_CUDA_allocator_peak,cuda_peak_allocated_bytes,750842880,bytes,training,epoch_010,task1_llm/Yuyao_Ding/outputs/train_20260927T000510Z_b9df2210/metrics.json
train_20260927T000510Z_b9df2210,total_device_peak_not_recorded,true_gpu_peak_memory_bytes,not_measured,bytes,training,epoch_010,task1_llm/Yuyao_Ding/outputs/train_20260927T000510Z_b9df2210/metrics.json
train_20260927T000510Z_b9df2210,greedy,distinct_1,0.03888888888888889,fraction,generation,epoch_010,task1_llm/Yuyao_Ding/outputs/train_20260927T000510Z_b9df2210/generations_20260927T002606Z_9466d7d0.json
train_20260927T000510Z_b9df2210,greedy,distinct_2,0.189520624303233,fraction,generation,epoch_010,task1_llm/Yuyao_Ding/outputs/train_20260927T000510Z_b9df2210/generations_20260927T002606Z_9466d7d0.json
train_20260927T000510Z_b9df2210,greedy,distinct_3,0.30089485458612975,fraction,generation,epoch_010,task1_llm/Yuyao_Ding/outputs/train_20260927T000510Z_b9df2210/generations_20260927T002606Z_9466d7d0.json
train_20260927T000510Z_b9df2210,greedy,repeated_4gram_rate,0.6307519640852974,fraction,generation,epoch_010,task1_llm/Yuyao_Ding/outputs/train_20260927T000510Z_b9df2210/generations_20260927T002606Z_9466d7d0.json
train_20260927T000510Z_b9df2210,greedy_pooled_including_all_calls,generation_tokens_per_second,271.9973719045801,characters/second,generation,epoch_010,task1_llm/Yuyao_Ding/outputs/train_20260927T000510Z_b9df2210/generations_20260927T002606Z_9466d7d0.json
train_20260927T000510Z_b9df2210,greedy_pooled_including_all_calls,generation_seconds,3.3088554999558255,seconds,generation,epoch_010,task1_llm/Yuyao_Ding/outputs/train_20260927T000510Z_b9df2210/generations_20260927T002606Z_9466d7d0.json
train_20260927T000510Z_b9df2210,greedy,generated_tokens,900,characters,generation,epoch_010,task1_llm/Yuyao_Ding/outputs/train_20260927T000510Z_b9df2210/generations_20260927T002606Z_9466d7d0.json
train_20260927T000510Z_b9df2210,greedy_sample_1,generation_tokens_per_second,269.9052659488962,characters/second,generation,epoch_010,task1_llm/Yuyao_Ding/outputs/train_20260927T000510Z_b9df2210/generations_20260927T002606Z_9466d7d0.json
train_20260927T000510Z_b9df2210,greedy_sample_3,generation_tokens_per_second,283.59330489011984,characters/second,generation,epoch_010,task1_llm/Yuyao_Ding/outputs/train_20260927T000510Z_b9df2210/generations_20260927T002606Z_9466d7d0.json
train_20260927T000510Z_b9df2210,greedy_sample_5,generation_tokens_per_second,263.27301896038927,characters/second,generation,epoch_010,task1_llm/Yuyao_Ding/outputs/train_20260927T000510Z_b9df2210/generations_20260927T002606Z_9466d7d0.json
train_20260927T000510Z_b9df2210,temperature_sampling,distinct_1,0.04555555555555556,fraction,generation,epoch_010,task1_llm/Yuyao_Ding/outputs/train_20260927T000510Z_b9df2210/generations_20260927T002606Z_9466d7d0.json
train_20260927T000510Z_b9df2210,temperature_sampling,distinct_2,0.2697881828316611,fraction,generation,epoch_010,task1_llm/Yuyao_Ding/outputs/train_20260927T000510Z_b9df2210/generations_20260927T002606Z_9466d7d0.json
train_20260927T000510Z_b9df2210,temperature_sampling,distinct_3,0.5648769574944071,fraction,generation,epoch_010,task1_llm/Yuyao_Ding/outputs/train_20260927T000510Z_b9df2210/generations_20260927T002606Z_9466d7d0.json
train_20260927T000510Z_b9df2210,temperature_sampling,repeated_4gram_rate,0.2671156004489338,fraction,generation,epoch_010,task1_llm/Yuyao_Ding/outputs/train_20260927T000510Z_b9df2210/generations_20260927T002606Z_9466d7d0.json
train_20260927T000510Z_b9df2210,temperature_sampling_pooled_including_all_calls,generation_tokens_per_second,247.37690462094014,characters/second,generation,epoch_010,task1_llm/Yuyao_Ding/outputs/train_20260927T000510Z_b9df2210/generations_20260927T002606Z_9466d7d0.json
train_20260927T000510Z_b9df2210,temperature_sampling_pooled_including_all_calls,generation_seconds,3.638173100189306,seconds,generation,epoch_010,task1_llm/Yuyao_Ding/outputs/train_20260927T000510Z_b9df2210/generations_20260927T002606Z_9466d7d0.json
train_20260927T000510Z_b9df2210,temperature_sampling,generated_tokens,900,characters,generation,epoch_010,task1_llm/Yuyao_Ding/outputs/train_20260927T000510Z_b9df2210/generations_20260927T002606Z_9466d7d0.json
train_20260927T000510Z_b9df2210,temperature_sampling_sample_2,generation_tokens_per_second,255.58082017482644,characters/second,generation,epoch_010,task1_llm/Yuyao_Ding/outputs/train_20260927T000510Z_b9df2210/generations_20260927T002606Z_9466d7d0.json
train_20260927T000510Z_b9df2210,temperature_sampling_sample_4,generation_tokens_per_second,268.6082867418584,characters/second,generation,epoch_010,task1_llm/Yuyao_Ding/outputs/train_20260927T000510Z_b9df2210/generations_20260927T002606Z_9466d7d0.json
train_20260927T000510Z_b9df2210,temperature_sampling_sample_6,generation_tokens_per_second,222.63317005590656,characters/second,generation,epoch_010,task1_llm/Yuyao_Ding/outputs/train_20260927T000510Z_b9df2210/generations_20260927T002606Z_9466d7d0.json
train_20260914T211231Z_98b2aa86,best_checkpoint_full_split,cross_entropy,0.876737655457606,nats/character,training,epoch_010,task1_llm/Yuyao_Ding/outputs/train_20260914T211231Z_98b2aa86/metrics.json
train_20260914T211231Z_98b2aa86,best_checkpoint_full_split,perplexity,2.4030473364501996,dimensionless,training,epoch_010,task1_llm/Yuyao_Ding/outputs/train_20260914T211231Z_98b2aa86/metrics.json
train_20260914T211231Z_98b2aa86,best_checkpoint_full_split,bits_per_character,1.2648650676893047,bits/character,training,epoch_010,task1_llm/Yuyao_Ding/outputs/train_20260914T211231Z_98b2aa86/metrics.json
train_20260914T211231Z_98b2aa86,best_checkpoint_full_split,top1_accuracy,0.7246622227343756,fraction,training,epoch_010,task1_llm/Yuyao_Ding/outputs/train_20260914T211231Z_98b2aa86/metrics.json
train_20260914T211231Z_98b2aa86,best_checkpoint_full_split,target_tokens,88792832,characters,training,epoch_010,task1_llm/Yuyao_Ding/outputs/train_20260914T211231Z_98b2aa86/metrics.json
train_20260914T211231Z_98b2aa86,best_checkpoint_full_split,cross_entropy,0.8760242209402774,nats/character,validation,epoch_010,task1_llm/Yuyao_Ding/outputs/train_20260914T211231Z_98b2aa86/metrics.json
train_20260914T211231Z_98b2aa86,best_checkpoint_full_split,perplexity,2.4013335309502937,dimensionless,validation,epoch_010,task1_llm/Yuyao_Ding/outputs/train_20260914T211231Z_98b2aa86/metrics.json
train_20260914T211231Z_98b2aa86,best_checkpoint_full_split,bits_per_character,1.263835799249156,bits/character,validation,epoch_010,task1_llm/Yuyao_Ding/outputs/train_20260914T211231Z_98b2aa86/metrics.json
train_20260914T211231Z_98b2aa86,best_checkpoint_full_split,top1_accuracy,0.7251761366982743,fraction,validation,epoch_010,task1_llm/Yuyao_Ding/outputs/train_20260914T211231Z_98b2aa86/metrics.json
train_20260914T211231Z_98b2aa86,best_checkpoint_full_split,target_tokens,8693248,characters,validation,epoch_010,task1_llm/Yuyao_Ding/outputs/train_20260914T211231Z_98b2aa86/metrics.json
train_20260914T211231Z_98b2aa86,best_checkpoint_full_split,generalization_gap_validation_minus_training,-0.0007134345173285261,nats/character,validation_minus_training,epoch_010,task1_llm/Yuyao_Ding/outputs/train_20260914T211231Z_98b2aa86/metrics.json
train_20260914T211231Z_98b2aa86,formal_run,parameter_count,456192,parameters,training,epoch_010,task1_llm/Yuyao_Ding/outputs/train_20260914T211231Z_98b2aa86/metrics.json
train_20260914T211231Z_98b2aa86,formal_run,completed_epochs,10,epochs,training,epoch_010,task1_llm/Yuyao_Ding/outputs/train_20260914T211231Z_98b2aa86/metrics.json
train_20260914T211231Z_98b2aa86,formal_run,best_epoch,10,epoch,training,epoch_010,task1_llm/Yuyao_Ding/outputs/train_20260914T211231Z_98b2aa86/metrics.json
train_20260914T211231Z_98b2aa86,formal_run,training_seconds_excluding_evaluation_and_checkpoints,7504.290094500999,seconds,training,epoch_010,task1_llm/Yuyao_Ding/outputs/train_20260914T211231Z_98b2aa86/metrics.json
train_20260914T211231Z_98b2aa86,formal_run,training_tokens_per_second,118322.76055674566,characters/second,training,epoch_010,task1_llm/Yuyao_Ding/outputs/train_20260914T211231Z_98b2aa86/metrics.json
train_20260914T211231Z_98b2aa86,formal_run,this_segment_wall_seconds,7988.863309958,seconds,training,epoch_010,task1_llm/Yuyao_Ding/outputs/train_20260914T211231Z_98b2aa86/metrics.json
train_20260914T211231Z_98b2aa86,formal_run,nonfinite_events,0,events,training,epoch_010,task1_llm/Yuyao_Ding/outputs/train_20260914T211231Z_98b2aa86/metrics.json
train_20260914T211231Z_98b2aa86,formal_run,optimizer_steps,54200,steps,training,epoch_010,reproducibility/raw_logs/Yuyao_Ding/train_20260914T211231Z_98b2aa86.jsonl
train_20260914T211231Z_98b2aa86,formal_run,total_training_target_tokens,887928320,characters,training,epoch_010,reproducibility/raw_logs/Yuyao_Ding/train_20260914T211231Z_98b2aa86.jsonl
train_20260914T211231Z_98b2aa86,all_training_steps_before_clip,gradient_norm_mean_before_clip,0.696584620995935,L2 norm,training,epoch_010,reproducibility/raw_logs/Yuyao_Ding/train_20260914T211231Z_98b2aa86.jsonl
train_20260914T211231Z_98b2aa86,all_training_steps_before_clip,gradient_norm_median_before_clip,0.617542564868927,L2 norm,training,epoch_010,reproducibility/raw_logs/Yuyao_Ding/train_20260914T211231Z_98b2aa86.jsonl
train_20260914T211231Z_98b2aa86,all_training_steps_before_clip,gradient_norm_max_before_clip,4.018500804901123,L2 norm,training,epoch_010,reproducibility/raw_logs/Yuyao_Ding/train_20260914T211231Z_98b2aa86.jsonl
train_20260914T211231Z_98b2aa86,before_clip_gt_1,gradient_norm_above_clip_count,3826,steps,training,epoch_010,reproducibility/raw_logs/Yuyao_Ding/train_20260914T211231Z_98b2aa86.jsonl
train_20260914T211231Z_98b2aa86,formal_run,minibatch_loss_max,4.662388801574707,nats/character,training,epoch_010,reproducibility/raw_logs/Yuyao_Ding/train_20260914T211231Z_98b2aa86.jsonl
train_20260914T211231Z_98b2aa86,within_epoch_at_global_step_49483,max_adjacent_minibatch_loss_increase,0.10858172178268433,nats/character,training,epoch_010,reproducibility/raw_logs/Yuyao_Ding/train_20260914T211231Z_98b2aa86.jsonl
train_20260914T211231Z_98b2aa86,posthoc_loss_gt_2x_previous_100_step_median_within_epoch,loss_spike_count,0,steps,training,epoch_010,reproducibility/raw_logs/Yuyao_Ding/train_20260914T211231Z_98b2aa86.jsonl
train_20260914T211231Z_98b2aa86,formal_run,nonfinite_loss_steps,0,steps,training,epoch_010,reproducibility/raw_logs/Yuyao_Ding/train_20260914T211231Z_98b2aa86.jsonl
train_20260914T211231Z_98b2aa86,formal_run,nonfinite_gradient_steps,0,steps,training,epoch_010,reproducibility/raw_logs/Yuyao_Ding/train_20260914T211231Z_98b2aa86.jsonl
train_20260914T211231Z_98b2aa86,process_lifetime,process_lifetime_peak_rss_bytes,1452556288,bytes,training,epoch_010,task1_llm/Yuyao_Ding/outputs/train_20260914T211231Z_98b2aa86/metrics.json
train_20260914T211231Z_98b2aa86,sampled_MPS_allocation_not_true_peak,mps_sampled_allocated_bytes,900260352,bytes,training,epoch_010,task1_llm/Yuyao_Ding/outputs/train_20260914T211231Z_98b2aa86/metrics.json
train_20260914T211231Z_98b2aa86,unavailable_MPS_peak_not_recorded,true_gpu_peak_memory_bytes,not_measured,bytes,training,epoch_010,task1_llm/Yuyao_Ding/outputs/train_20260914T211231Z_98b2aa86/metrics.json
train_20260914T211231Z_98b2aa86,greedy,distinct_1,0.03777777777777778,fraction,generation,epoch_010,task1_llm/Yuyao_Ding/outputs/train_20260914T211231Z_98b2aa86/generations_20260914T232627Z_059e7b30.json
train_20260914T211231Z_98b2aa86,greedy,distinct_2,0.18394648829431437,fraction,generation,epoch_010,task1_llm/Yuyao_Ding/outputs/train_20260914T211231Z_98b2aa86/generations_20260914T232627Z_059e7b30.json
train_20260914T211231Z_98b2aa86,greedy,distinct_3,0.30089485458612975,fraction,generation,epoch_010,task1_llm/Yuyao_Ding/outputs/train_20260914T211231Z_98b2aa86/generations_20260914T232627Z_059e7b30.json
train_20260914T211231Z_98b2aa86,greedy,repeated_4gram_rate,0.6240179573512907,fraction,generation,epoch_010,task1_llm/Yuyao_Ding/outputs/train_20260914T211231Z_98b2aa86/generations_20260914T232627Z_059e7b30.json
train_20260914T211231Z_98b2aa86,greedy_pooled_including_all_calls,generation_tokens_per_second,32.65822384006941,characters/second,generation,epoch_010,task1_llm/Yuyao_Ding/outputs/train_20260914T211231Z_98b2aa86/generations_20260914T232627Z_059e7b30.json
train_20260914T211231Z_98b2aa86,greedy_pooled_including_all_calls,generation_seconds,27.558142916999714,seconds,generation,epoch_010,task1_llm/Yuyao_Ding/outputs/train_20260914T211231Z_98b2aa86/generations_20260914T232627Z_059e7b30.json
train_20260914T211231Z_98b2aa86,greedy,generated_tokens,900,characters,generation,epoch_010,task1_llm/Yuyao_Ding/outputs/train_20260914T211231Z_98b2aa86/generations_20260914T232627Z_059e7b30.json
train_20260914T211231Z_98b2aa86,greedy_sample_1,generation_tokens_per_second,19.244354696615343,characters/second,generation,epoch_010,task1_llm/Yuyao_Ding/outputs/train_20260914T211231Z_98b2aa86/generations_20260914T232627Z_059e7b30.json
train_20260914T211231Z_98b2aa86,greedy_sample_3,generation_tokens_per_second,49.47905733684548,characters/second,generation,epoch_010,task1_llm/Yuyao_Ding/outputs/train_20260914T211231Z_98b2aa86/generations_20260914T232627Z_059e7b30.json
train_20260914T211231Z_98b2aa86,greedy_sample_5,generation_tokens_per_second,50.79593526692899,characters/second,generation,epoch_010,task1_llm/Yuyao_Ding/outputs/train_20260914T211231Z_98b2aa86/generations_20260914T232627Z_059e7b30.json
train_20260914T211231Z_98b2aa86,temperature_sampling,distinct_1,0.04111111111111111,fraction,generation,epoch_010,task1_llm/Yuyao_Ding/outputs/train_20260914T211231Z_98b2aa86/generations_20260914T232627Z_059e7b30.json
train_20260914T211231Z_98b2aa86,temperature_sampling,distinct_2,0.25863991081382387,fraction,generation,epoch_010,task1_llm/Yuyao_Ding/outputs/train_20260914T211231Z_98b2aa86/generations_20260914T232627Z_059e7b30.json
train_20260914T211231Z_98b2aa86,temperature_sampling,distinct_3,0.5391498881431768,fraction,generation,epoch_010,task1_llm/Yuyao_Ding/outputs/train_20260914T211231Z_98b2aa86/generations_20260914T232627Z_059e7b30.json
train_20260914T211231Z_98b2aa86,temperature_sampling,repeated_4gram_rate,0.30078563411896747,fraction,generation,epoch_010,task1_llm/Yuyao_Ding/outputs/train_20260914T211231Z_98b2aa86/generations_20260914T232627Z_059e7b30.json
train_20260914T211231Z_98b2aa86,temperature_sampling_pooled_including_all_calls,generation_tokens_per_second,47.827668091172775,characters/second,generation,epoch_010,task1_llm/Yuyao_Ding/outputs/train_20260914T211231Z_98b2aa86/generations_20260914T232627Z_059e7b30.json
train_20260914T211231Z_98b2aa86,temperature_sampling_pooled_including_all_calls,generation_seconds,18.817559707998953,seconds,generation,epoch_010,task1_llm/Yuyao_Ding/outputs/train_20260914T211231Z_98b2aa86/generations_20260914T232627Z_059e7b30.json
train_20260914T211231Z_98b2aa86,temperature_sampling,generated_tokens,900,characters,generation,epoch_010,task1_llm/Yuyao_Ding/outputs/train_20260914T211231Z_98b2aa86/generations_20260914T232627Z_059e7b30.json
train_20260914T211231Z_98b2aa86,temperature_sampling_sample_2,generation_tokens_per_second,44.760084550297485,characters/second,generation,epoch_010,task1_llm/Yuyao_Ding/outputs/train_20260914T211231Z_98b2aa86/generations_20260914T232627Z_059e7b30.json
train_20260914T211231Z_98b2aa86,temperature_sampling_sample_4,generation_tokens_per_second,49.3963905151864,characters/second,generation,epoch_010,task1_llm/Yuyao_Ding/outputs/train_20260914T211231Z_98b2aa86/generations_20260914T232627Z_059e7b30.json
train_20260914T211231Z_98b2aa86,temperature_sampling_sample_6,generation_tokens_per_second,49.65373759200158,characters/second,generation,epoch_010,task1_llm/Yuyao_Ding/outputs/train_20260914T211231Z_98b2aa86/generations_20260914T232627Z_059e7b30.json
