review_bucket,text,label,prob_positive,prediction,length_slice,has_negation,manual_error_type,testable_fix
confident_false_positive,of all the buffets I had in Vegas this was my least favorite!,0,0.99990094,1,short,False,CMP: superlative negative ('least favorite') read as positive,bigram feature for 'least/worst X'; test on a 50-review 'least/worst' check set
confident_false_positive,"Dr.Adams is great! Rest of office parley run. Long wait time, violations of patient privacy, loud staff!",0,0.9997583,1,short,False,MIX: one strong positive phrase outweighs the complaints,sentence-level scoring averaged over sentences; compare FP on mixed reviews
confident_false_positive,Good location and friendly staff. But need add  more classes  for what they charge a month,0,0.99970406,1,short,False,CON: contrast lost because 'but' is a stopword,keep 'but' in preprocessing and retrain; compare FP on reviews with 'but'
confident_false_positive,"By far, the least impressive Cirque du Soleil show I have seen.  The performers are all amazing, but for some reason, it was not showcased or directed well.\n\nWe spent over $130 on each ticket, and we had excellent seats, which were very comfortable, But the show seem to drag on.  The sand artist was really cool and different.",0,0.9996351,1,short,True,"MIX: many positive words, negative verdict split by 'but'",keep 'but'; compare CNN vs BiGRU on reviews containing 'but'
confident_false_positive,"Attended the @SpaFitFinder launch party, with @spacephx.\n\nI can't say much about the place, other than, even taking into consideration the number of people present, it felt cramped.\n\nThe TrimTini (?) I had was really delicious; vodkatini with lemon zest.\n\nA very nice gentleman, who works at Urban 7, was very gracious in making sure to stop by every time he brought out a new platter of hors d'oeuvres. Everything he brought was delicious, including the ceviche, which I'm not particularly fond of.\n\nUrban 7 isn't the type of place I'm attracted to, so it's not likely I will return any time soon.\n\nBut it was a nice event, and I enjoyed myself.",0,0.99943393,1,medium,True,"LBL: text reads positive, label negative",audit 50 confident FPs for label noise and report the share
confident_false_negative,"Great gym, but if you ever try to cancel your agreement count on paying 2-3 months longer than expected.  I've been trying to cancel my account because I moved across\nThe country.  They won't cancel it unless I send in a certified letter.  I've done that and am still getting charged months later.",1,0.0009817395,0,short,False,MIX: 'Great gym' then billing complaint (cancel/charged),check FN rate on reviews with 'cancel'/'charged'; try masking these words in training
confident_false_negative,"I had dinner here last weekend, and decided to order the gnocchi since I had it at Bouchon in Yountville.  I thought it was either overcooked and or dry, so sent it back for another order since it was what I came here for.  The next order wasn't much better, and the waitress and manager apologized and comped me my dinner.  Even though I didn't like my food, I still give them 3 1/2 stars for trying to make it right and apologizing.  The other thing that was annoying was that we ordered bottled water, and they took it away from the table to keep it on ice.  Well the busboy or expediter kept coming over and pouring tap water from a pitcher into our glasses.  The waitress had to keep coming over and tell the busboy not too do that.The atmosphere is pleasant and my wife liked her mussels.  I will have to go back to Yountville to see if my taste buds were correct.  They insist that it is the same recipe.",1,0.0011227544,0,medium,True,"MIX: negative story, positive stated rating (3 1/2 stars)",add a star-rating feature; compare accuracy on reviews that mention stars
confident_false_negative,"For all the people who sit down and don't get any \""""service,\"""" there are signs that clearly say to order at the bar. So I would start with that. Then do this in any order you'd like:\n-cold beer\n-wings\n-cheesecurds\n\nYour welcome.",1,0.0020929698,0,short,False,"SAR: advice/indirect tone, quotes other people's complaint",measure error rate on reviews quoting complaints; report as known weakness
confident_false_negative,So instead of going to Gibson Automotive to get my wifes battery swapped out we had $20.00 off $100.00 purchase coupon for Pep Boys on South BLVD. Made an appointment for noon. At 12:05 Liz called and they said that we needed a new alternator and not only that the $20.00 coupon only works for in store purchases (it says car batteries right on it). I told her to pay for the battery and meet me at Gibson....5 minutes later Larry Gibson comes out with the tests from 2 different machines saying nothing is wrong with the alternator. No charge and hope to see you soon......Pep Boys wanted over $460.00.....free installation? Scam Artists (Pep Boys) is more like it. \n\nI have been taking my cars to Gibson since they were at their old location on South. I do not trust any other mechanics in town....thanks to Pep Boys for reminding me of that.,1,0.0022693186,0,long,True,"ENT: negative about a competitor, positive about the reviewed shop",MAX_LEN 400 + error rate on reviews naming a competitor ('instead of')
confident_false_negative,Outstanding food quality and customer service by the waiter.,1,0.0027588552,0,short,False,BIAS: 'customer service'/'waiter' pull towards negative (unconfirmed),occlusion test per word; check training frequency of 'outstanding'
near_threshold,"Pendant des ann\u00e9es, je travaillais dans le coin et, pendant des ann\u00e9es, j'y ai mang\u00e9 leurs repas et sandwichs pr\u00eats-\u00e0-manger sur l'heure du lunch. C'\u00e9tait aussi, d'ailleurs, mon caf\u00e9 de facto en rentrant au travail le matin. Sans flincher, c'est probablement un des restos les plus fiables. La qualit\u00e9 de leurs produits est toujours des plus \u00e9lev\u00e9es, l'accueil en restaurant et au comptoir est toujours \u00e0 la hauteur et les prix sont quand m\u00eame abordables pour le Vieux-Montr\u00e9al. \n\nBonnes salades, excellents sandwichs sur pain au levain maison, d\u00e9licieux plats chauds pour emporter, excellente vari\u00e9t\u00e9 de boissons et superbe s\u00e9lection de sucreries et chocolats locaux.",1,0.55842364,0,long,False,OOD: review written in French,flag reviews with >30% unknown tokens; report their error rate separately
near_threshold,"This is a refreshing change from your small quick dining options while in Vegas. You're usually either stuck with the run of the mill 24 hour hotel lobby diner, a subpar casual dining experience, mall food or gift shop snacks. Also, if you don't want Starbucks, or maybe you can't stomach another vodka redbull amidst all the casino funk, wander over here and have an affogato or any of the other espresso treats. You can keep going, and the precious caffeine will subdue your eventual onset of a hangover just a few additional hours.\n\nIt's Vegas, everything is marked up, so get over it. 2 scoops of gelato will run you $8.08 (tons of flavors and very hard to pick just one), and lunch specials (paninis, salads, etc.) start around $15, I believe.",1,0.5535766,0,medium,False,HDG: praise by comparison with bad places + price comments,temperature scaling + per-length thresholds; count errors within 0.05 of threshold
near_threshold,"I was here on a random Friday afternoon.  It was okay, a different experience than I usually have, but I probably won't come back any time soon.  There were very few people here with us, so the waitress was around to check more frequently than I'm sure she would have if it was during a peak time.  The draft and bottle lists are unimpressive, but it'll get the job done.  They have a pretty decent liquor selection, but I can only image the price here.\n\nI had a few of their nachos off their nachos to share plate and they were a nice, thick chip with some non-descript lettuce, tomatoes, cheese sauce, and a few jalapenos.  There were small sides of salsa and sour cream.  I'm used to a big mess on the plate, but these were actually fairly neat to eat - I almost missed the soggy reject chips that are always left on nacho plates because that means the first ones were the perfect balance of crisp and gooey.  They also ran out of grilled chicken, so we had to substitute chicken tenders.  I'm wondering why, since it was SO packed (read: not at all), they ran out, but it happens.\n\nRedeeming points: Big Buck Hunter.  My boyfriend and his friend selected this place because they have an ongoing competition.",0,0.5668253,1,long,True,SAR: lukewarm review with sarcasm ('SO packed (read: not at all)'),sarcasm-marker check set; test keeping capitals for all-caps words
near_threshold,"The Exchange has the biggest inventory of used CDs and movies in the city, so even if one location doesn't have what you're looking for, another location might. I bought a bunch of CDs here before I started downloading everything, and I still occasionally purchase a PS2 game or DVD here. The prices could stand to be a couple bucks cheaper, but otherwise it's all good.",1,0.55293393,0,medium,False,"HDG: mild positive, 'but otherwise it's all good' loses its 'but'",keep 'but' + temperature scaling; recheck near-threshold errors
near_threshold,Lovely place in the middle of nowhere.  Bottom floor is the bar and the second floor is a game area.  Appetizers were good and cold beer.,1,0.5521124,0,short,False,"HDG: very short, 'middle of nowhere' pulls negative",add kernel width 2 and a short-review threshold; compare short-slice error
slice_specific,"UPDATED. \n\nMy initial very frustrated and dramatic review read as follows:\n\nBililng practices are at best negligent and at worst fraudulent.  \n\nI started going to the studio per a groupon.  I enjoyed the experience so much that I purchased a discounted 20 pack of classes.  When I purchased the classes, my credit card was charged.  However, the purchase didn't show up in my online account so I couldn't schedule classes.  I called The Studio and they told me that they'd credited the classes to another student but they did remedy the situation. \n\nFast forward about 6 months and I am reviewing my credit card statement.  Lo and behold a mysterious charge from the Studio shows up for $130.  I have not even been back there in months and certainly have not authorized any transactions to this business.  I am now disputing the charge via my credit card. \n\nThe yoga is great but all these terrible billing practices make it not worth your time in the long run.\n\nUpdates:\n\nAfter reading this, the studio owner went out of her way to contact me to try and correct the error.  She contacted me several times over a month and offered to resolve the issue in minutes if I called her.  I couldn't manage to find time to call her, but she refused to give up and tracked down my information and resolved the situation in a way that goes above and beyond what can be expected from a business owner.  I can certainly say that although I was frustrated by the two billing mixups, this business went out of its way to accomodate and help me, even when I couldn't go out of my way to try and correct the error.  I am thus updating my review to 4 stars- not quite 5 due to the initial errors- but they certainly get 5 for the way they managed this.  \n\nAlso, as previously mentioned, the yoga is great.",1,0.0034964837,0,long,True,"END: positive update after quoted angry review, cut at 180 tokens",MAX_LEN 400 or head+tail tokens; compare long-slice error rate
slice_specific,I expected this location to be similar to the one in PHX: underwhelming and overpriced. However!!! I experienced something much better.  It just seems a bit more quant..put together..and a place that encourages interaction between  guests and invites you to truly enjoy yourself.Maybe its just the new place...the layout (additional bar outside) or the low key yet swanky atmosphere....\nI'm not totally sure. This place deserves the hype.,1,0.004812282,0,medium,True,"NEG: negative words describe the expectation, not the experience",compare CNN vs BiGRU on 'expected ... however'; test CNN+BiGRU average
slice_specific,"The food is crap.  I'm not trying to be mean, but it really is horrible.  I'd rather eat one of those Tornado things from Circle K for dinner.  Also, I don't appreciate the waitress telling me everything is great when everything is absolutely not great.  What kind of disgusting excuse for food must she live off of if the nachos get her stamp of approval?  They were probably the worst nachos I've ever had.  Taco Bell's nachos are like manna from heaven compared to the sad mess Barney's serves.  She should have just been honest and told me to order fries a la carte, because that was the only thing my friend and I enjoyed.\n\nWe ended up just going back to her place and lying on the floor for a while because our stomachs were so upset. \n\nOnly drink at Barney's.  If you eat, stick to fries.  The pizza is a safe bet too.  Whatever you do, don't order the nachos, onion rings, or the grilled chicken wrap.  Hell, just go on Thursday and drink until it all tastes good.  Problem solved.\n\nObviously, Thursday night gets to keep the four star rating.  I can't help it.  I will never get too old for Barney's Thursday nights.  Well, I probably will eventually, but not today.  Not today.",1,0.0071547185,0,long,True,"END: very negative body, positive rating in the last lines (not truncated)",extra input from the last 40 tokens; or star-rating feature
slice_specific,A friend and I visited this theatre the other day and the movie we intended on seeing was no longer showing. It was cancelled because another movie was doing so well. I was surprised when they told me and my friend to come inside for free passes! The staff was extremely friendly and apologized several times for the movie being cancelled. I was very impressed with the customer service and will drive out of my way to come to this location again!,1,0.0100913625,0,medium,True,MIX: negative event (cancelled) but praised service,occlusion test on 'customer service'/'cancelled'; retrain on 100k reviews
slice_specific,"It's hard to find a non corporate coffee outlet in Las Vegas, but I found this place on Flamingo . Good coffee , not just a conversation piece. I ordered the Mocha, much better that I would have expected from a drive in. No pastries offered here, but a good choice of hot and frozen coffees.",1,0.011054093,0,short,True,"NEG: 'non corporate', 'No pastries', 'not just' are not negative",negation-scope tokens (not_good); compare negation-slice error rate
