label,prob_positive,prediction
1,0.9431896,1
0,0.05640433,0
0,0.000236275,0
0,0.6173816,1
1,0.9997793,1
1,0.9997009,1
0,0.0026454597,0
1,0.9999769,1
1,0.9999558,1
0,0.00015243134,0
0,0.0058111623,0
0,0.04658918,0
0,1.336675e-05,0
1,0.9999025,1
1,0.9996282,1
0,0.0071673132,0
0,0.9750035,1
1,0.99688244,1
0,0.05373723,0
0,0.9731049,1
1,0.9649282,1
1,0.99837506,1
0,3.1234033e-06,0
0,0.00022521762,0
1,0.9999988,1
1,0.9998104,1
0,0.00010025445,0
0,0.009376769,0
1,0.5931956,1
0,0.00018612262,0
0,0.49105492,1
0,0.9991128,1
1,0.99998844,1
0,0.00013137785,0
0,4.5932233e-05,0
1,0.99998355,1
0,0.0882254,0
1,0.9998511,1
0,0.0002474345,0
0,0.25070673,0
1,0.020180091,0
1,0.60266566,1
1,0.9998796,1
1,0.2874659,1
1,0.9826124,1
0,0.000645246,0
0,6.957425e-06,0
1,0.99955994,1
0,0.24188069,0
0,1.0759173e-05,0
0,0.010649361,0
1,0.99998796,1
1,0.99846315,1
0,3.4519704e-05,0
0,0.024699776,0
0,0.4859106,1
1,0.9930292,1
1,0.09698114,0
0,0.00012853708,0
1,0.08831069,0
1,0.73385745,1
0,4.0524028e-05,0
0,0.004501334,0
0,0.00014610075,0
1,0.9999987,1
0,0.6563687,1
1,0.9501852,1
1,0.99993753,1
1,0.99500066,1
1,0.20737514,0
0,0.003343822,0
1,0.9999777,1
0,0.00017651137,0
1,0.5480007,1
1,0.99998474,1
1,0.008453453,0
0,0.0076159425,0
1,0.9878913,1
1,0.99987245,1
0,0.0003168251,0
0,3.3656503e-05,0
0,0.0017209945,0
0,0.0002852132,0
1,0.0135236345,0
1,0.5358375,1
0,0.00024771894,0
1,0.99998605,1
0,2.4068963e-06,0
1,0.7341882,1
0,4.3881424e-05,0
0,0.06115523,0
0,0.025249174,0
0,0.37178048,1
0,0.000415108,0
1,0.9999218,1
0,0.14084098,0
0,0.00019997952,0
1,0.99993885,1
0,1.8273578e-05,0
1,0.9999559,1
0,0.0006487645,0
0,0.9584688,1
0,1.3679347e-05,0
0,0.007306387,0
1,0.9989392,1
0,0.006573943,0
1,0.023696447,0
1,0.9895335,1
0,0.0013645971,0
0,0.0007760519,0
0,0.0012547756,0
0,0.3017723,1
1,0.9985045,1
0,0.0017629829,0
1,0.9999608,1
1,0.9999945,1
1,0.99992824,1
1,0.9999939,1
1,0.8923449,1
1,0.999997,1
0,0.0015612295,0
1,0.99980754,1
0,4.4611616e-06,0
0,2.2490041e-05,0
0,1.4033578e-05,0
1,0.99463874,1
1,0.99999285,1
0,8.2351595e-05,0
1,0.9999137,1
1,0.2409612,0
1,0.31527522,1
0,0.020019984,0
0,8.766554e-06,0
1,0.7333969,1
0,4.409847e-05,0
0,0.014811206,0
0,3.6640868e-05,0
0,0.2860872,1
1,0.98835653,1
1,0.99998546,1
0,0.0072014914,0
1,0.9999932,1
1,0.99994886,1
0,1.2588978e-06,0
0,0.00020672697,0
0,5.5516026e-05,0
1,0.9988643,1
0,0.00016023077,0
1,0.8986846,1
1,0.99539363,1
1,0.99976474,1
0,1.9436802e-05,0
1,0.99984443,1
0,0.01237684,0
1,0.9999987,1
0,4.2459378e-05,0
0,1.1466594e-06,0
1,0.99994516,1
1,0.95995665,1
0,0.0067386036,0
1,0.99997056,1
1,0.9940785,1
1,0.9950229,1
1,0.9998934,1
1,0.9995103,1
0,8.273268e-06,0
1,0.9999951,1
1,0.99987245,1
0,0.004229392,0
1,0.9999919,1
1,0.9999894,1
0,0.008119626,0
0,2.3730252e-06,0
0,9.322875e-05,0
1,0.99927634,1
1,0.9997718,1
0,4.992695e-05,0
0,5.269783e-05,0
0,2.6823757e-06,0
0,0.9999645,1
1,0.99989474,1
0,0.0009710319,0
1,0.9999993,1
0,0.000118959135,0
1,0.99966395,1
0,1.0612455e-06,0
0,0.00017541209,0
1,0.8626851,1
1,0.9999994,1
1,0.9997775,1
1,0.9999981,1
1,0.9999914,1
0,0.9980247,1
1,0.99976045,1
1,0.027300252,0
1,0.99999857,1
0,0.00028114114,0
1,0.96705216,1
0,6.889086e-05,0
1,0.5234018,1
0,0.0038310988,0
0,8.391459e-06,0
1,0.999861,1
1,0.9998704,1
0,0.00010513371,0
1,0.9997048,1
0,6.927142e-06,0
1,0.9999981,1
0,1.7149549e-06,0
1,0.99999917,1
1,0.99935395,1
0,0.00018719726,0
1,0.89329773,1
0,0.00014228607,0
0,3.207126e-06,0
0,0.9682326,1
1,0.9009462,1
1,0.9999089,1
1,0.9996189,1
0,0.0020131834,0
0,0.0005798206,0
0,1.03324055e-05,0
0,0.48430967,1
0,0.1974571,0
0,4.1715557e-05,0
0,0.3519388,1
0,0.0001281407,0
1,0.8811994,1
0,0.0075378106,0
0,0.01758344,0
0,0.00080058846,0
0,6.1518904e-06,0
1,0.9999554,1
1,0.999995,1
1,0.9993405,1
0,0.12125547,0
1,0.9751913,1
0,0.42715606,1
0,3.8490485e-05,0
1,0.5978608,1
0,5.0472543e-05,0
1,0.99985075,1
0,3.3872817e-05,0
0,1.2111091e-05,0
0,0.00017874174,0
1,0.99999475,1
1,0.9997192,1
0,0.23237549,0
1,0.9992374,1
0,0.9916516,1
0,5.0083636e-06,0
1,0.9999982,1
0,0.10775188,0
0,1.357062e-06,0
1,0.9839011,1
0,0.0010277266,0
1,0.00019825678,0
0,0.0006991755,0
0,0.95931906,1
0,1.3171047e-05,0
1,0.9799027,1
1,0.9999107,1
1,0.999974,1
1,0.9256089,1
1,0.9996486,1
1,0.25499558,0
0,0.00023595599,0
0,0.00016604004,0
1,0.99989843,1
1,0.9995166,1
1,0.9882045,1
1,0.36244622,1
0,1.0263493e-05,0
0,5.1912695e-05,0
1,0.7922738,1
1,0.25615945,0
0,0.0006155156,0
1,0.64855677,1
1,0.9999815,1
1,0.0017332432,0
1,0.60940486,1
1,0.96322787,1
1,0.9995838,1
0,0.9094801,1
0,9.7170436e-05,0
0,0.00012725,0
0,3.5364371e-06,0
0,0.0066153305,0
0,0.00016826499,0
1,0.15666942,0
0,2.0088649e-07,0
1,0.99989057,1
1,0.8069334,1
1,0.38368514,1
0,5.609922e-06,0
0,0.000102235106,0
0,0.0035662143,0
0,2.307133e-06,0
1,0.9581812,1
0,0.0013761453,0
1,0.9997038,1
1,0.9999765,1
0,0.0023128837,0
0,0.0048757456,0
0,0.00037510355,0
1,0.9999875,1
0,9.064331e-06,0
1,0.99026334,1
0,1.4551455e-05,0
1,0.9965785,1
0,0.2153953,0
1,0.99945027,1
1,0.99975747,1
1,0.971714,1
0,7.4148185e-05,0
0,1.5920602e-07,0
1,0.9966614,1
0,0.0012516469,0
1,0.9996476,1
0,7.338263e-06,0
0,0.08475785,0
1,0.996977,1
1,0.8231624,1
0,4.788643e-05,0
0,2.6525277e-05,0
1,0.9993831,1
0,3.85757e-06,0
0,2.2674341e-05,0
0,3.3338384e-07,0
1,0.99965703,1
1,0.97906667,1
0,0.031376943,0
1,0.9998275,1
0,1.8977198e-05,0
1,0.99988675,1
1,0.99996877,1
0,3.827924e-05,0
1,0.99989927,1
0,9.795487e-06,0
0,0.0008031586,0
1,0.9998934,1
1,0.9999714,1
0,1.1100173e-05,0
0,6.553753e-05,0
1,0.9993231,1
0,3.730947e-05,0
0,7.498212e-06,0
0,0.0013994464,0
1,0.9992318,1
0,7.2566727e-06,0
0,0.018919623,0
0,0.8729145,1
1,0.99961084,1
1,0.9999937,1
1,0.99995506,1
1,0.99914634,1
1,0.99948907,1
0,3.925032e-05,0
0,0.00017304167,0
0,0.00032968092,0
1,0.9999813,1
0,0.9878489,1
1,0.99993384,1
1,0.9999306,1
0,0.018715145,0
0,0.018060615,0
0,8.444998e-05,0
0,1.516254e-06,0
0,0.00035128553,0
0,0.0001312952,0
0,0.00014202026,0
0,0.00041600206,0
0,1.8106388e-05,0
1,0.38279584,1
1,0.85219103,1
1,0.99673945,1
1,0.9993622,1
1,0.09954615,0
0,2.6987105e-05,0
0,0.0010941202,0
0,8.270538e-06,0
1,0.9996383,1
0,0.1381883,0
1,0.9990232,1
1,0.80124843,1
0,1.3927292e-05,0
0,4.544666e-06,0
0,0.00013935914,0
1,0.9486278,1
1,0.9999989,1
1,0.99999595,1
1,0.9999933,1
0,0.9607181,1
0,0.0019048244,0
0,3.1919804e-05,0
1,0.995479,1
1,0.9997491,1
1,0.006613419,0
0,0.0034928436,0
0,0.9583869,1
1,0.28805938,1
1,0.56811625,1
0,0.26473472,0
1,0.933213,1
1,0.99975175,1
0,8.380546e-07,0
1,0.9803371,1
1,0.99545985,1
0,1.148455e-05,0
0,3.9867987e-06,0
0,7.8212775e-05,0
0,0.99914396,1
0,0.2988098,1
0,0.29479378,1
0,0.92821574,1
1,0.0050094235,0
0,0.000111864836,0
1,0.99991477,1
1,0.999516,1
0,0.8407571,1
0,5.6668277e-06,0
0,0.000568175,0
1,0.9989723,1
1,0.99991727,1
0,0.024431981,0
0,3.7521586e-06,0
1,0.99998987,1
0,0.24305475,0
1,0.99914384,1
1,0.99966586,1
0,0.00010180879,0
0,0.00078890653,0
0,0.991269,1
0,2.1086084e-05,0
1,0.9524096,1
1,0.9999969,1
0,0.19849205,0
1,0.1073125,0
0,0.00027299713,0
0,0.23757495,0
1,0.9863289,1
0,8.653414e-06,0
0,1.6598801e-06,0
0,0.00017779581,0
1,0.9999925,1
1,0.99784327,1
1,0.99999833,1
0,0.9471818,1
1,0.9998223,1
1,0.9698967,1
1,0.99963224,1
0,3.053902e-05,0
1,0.0018382085,0
1,0.86745346,1
1,0.99998903,1
1,0.011083428,0
1,0.9958144,1
1,0.9999317,1
1,0.9999821,1
1,0.6112006,1
0,0.0011042089,0
0,0.0010888786,0
0,0.000119539516,0
1,0.9999554,1
1,0.9619221,1
0,0.9267394,1
1,0.99999285,1
1,0.99999905,1
1,0.8183376,1
1,0.9217612,1
0,0.0026837424,0
0,3.072428e-05,0
1,0.47860426,1
0,0.0006479655,0
1,0.005299509,0
1,0.9997774,1
0,0.0009283517,0
1,0.99142987,1
0,6.0751413e-06,0
0,0.0014136052,0
1,0.9977443,1
0,2.122839e-07,0
1,0.8554563,1
0,9.663855e-05,0
0,7.2343556e-07,0
1,0.9999757,1
0,4.652075e-06,0
0,1.6419383e-05,0
0,0.00023394637,0
1,0.9885472,1
1,0.9917842,1
0,5.0382092e-05,0
0,0.0027269556,0
0,0.0050501553,0
1,0.99999046,1
1,0.97182727,1
1,0.9999651,1
1,0.9987373,1
0,0.0014395351,0
1,0.0035366742,0
0,0.9625997,1
0,3.1682962e-06,0
1,0.99986255,1
0,0.113387905,0
0,0.0019036325,0
1,0.9997943,1
0,0.001687341,0
0,1.6643628e-05,0
1,0.9541806,1
0,1.0664298e-06,0
0,0.7299037,1
1,0.99999046,1
0,0.13803728,0
0,1.7038717e-05,0
1,0.9241236,1
0,0.85531765,1
1,0.99969494,1
0,3.29636e-06,0
1,0.0017985454,0
1,0.9985765,1
0,8.654221e-05,0
1,0.99932086,1
1,0.96865195,1
1,0.99773175,1
0,0.18558915,0
1,0.735892,1
1,0.53132886,1
0,3.0088308e-06,0
0,0.0055939183,0
0,1.690954e-05,0
1,0.9992944,1
1,0.99989855,1
1,0.9998449,1
1,0.99998677,1
1,0.99989593,1
0,0.0005536555,0
0,0.02193338,0
0,0.00013216758,0
0,4.08586e-05,0
1,0.992664,1
1,0.99996054,1
0,4.2549914e-06,0
1,0.9999479,1
1,0.9997485,1
0,7.316317e-07,0
0,0.00050488405,0
1,0.9999578,1
0,0.8146836,1
1,0.071471,0
1,0.3290631,1
1,0.98962957,1
0,0.000176963,0
0,0.0011488813,0
1,0.9984621,1
1,0.9547688,1
1,0.99994683,1
0,1.0534624e-05,0
1,0.9999882,1
0,0.0003499123,0
0,0.021539133,0
0,2.8204502e-05,0
1,0.99995756,1
1,0.999997,1
0,0.100777306,0
1,0.9984693,1
0,0.28046727,1
0,0.00014994759,0
0,2.8379578e-05,0
0,5.828532e-05,0
1,0.99461466,1
0,0.0024858,0
1,0.97215885,1
0,6.0532234e-06,0
1,0.99994755,1
1,0.9995498,1
0,4.856328e-05,0
0,0.00017303273,0
1,0.50191796,1
1,0.0037398234,0
0,9.906096e-06,0
0,0.090941146,0
0,0.00023532243,0
0,0.00022947432,0
0,0.9961966,1
0,1.0810227e-05,0
0,0.0023437156,0
0,0.1730827,0
0,0.010706801,0
0,0.9404931,1
1,0.98448205,1
1,0.99986184,1
1,0.8678345,1
0,2.3492871e-06,0
1,0.9999957,1
0,0.078175455,0
1,0.1776239,0
0,0.9979773,1
0,0.0008909603,0
0,5.8726737e-06,0
0,0.9220282,1
1,0.9082442,1
0,0.00011636644,0
0,1.1813945e-05,0
0,0.010724452,0
1,0.9999963,1
1,0.9999949,1
0,0.00089380617,0
1,0.99995315,1
1,0.8287572,1
0,0.24489741,0
1,0.9998729,1
1,0.99994075,1
0,0.9944385,1
1,0.99957436,1
0,0.6824446,1
0,0.0002962583,0
1,0.9999976,1
0,7.0498085e-05,0
0,1.6129763e-05,0
1,0.9999956,1
0,0.37877128,1
0,0.034011103,0
1,0.9764082,1
1,0.0018583863,0
1,0.9998472,1
0,0.0019819622,0
1,0.999233,1
1,0.992755,1
1,0.9999808,1
0,0.99992335,1
0,3.4643337e-05,0
1,0.9997465,1
0,2.5454652e-05,0
1,0.9991843,1
0,0.10099974,0
0,9.155159e-05,0
0,0.24164818,0
1,0.9993629,1
1,0.03829263,0
0,0.0011563606,0
1,0.9886564,1
0,0.00046877647,0
0,0.007783128,0
0,0.007825349,0
0,0.24318787,0
0,5.6361732e-05,0
1,0.99923956,1
1,0.9915138,1
0,7.651322e-06,0
0,3.201907e-05,0
0,0.907933,1
1,0.9168642,1
1,0.028373336,0
0,0.0009587951,0
1,0.9648058,1
1,0.9999411,1
0,1.4860658e-05,0
0,0.29913422,1
0,0.741878,1
0,0.0003458605,0
1,0.735766,1
1,0.6574111,1
0,0.0018109635,0
1,0.9999889,1
0,0.00048910617,0
0,8.977304e-06,0
1,0.999992,1
1,0.9999523,1
0,1.9006166e-06,0
0,6.218176e-05,0
0,0.28926784,1
1,0.99991333,1
0,0.0008292971,0
1,0.99997675,1
0,0.0011761669,0
1,0.9990639,1
0,3.669633e-05,0
1,0.9999776,1
0,2.2932551e-07,0
0,0.000103476195,0
1,0.09094659,0
0,0.1254785,0
1,0.019117901,0
1,0.99999785,1
1,0.9352474,1
0,0.08131617,0
1,0.9923804,1
1,0.95150816,1
0,0.9940023,1
0,0.013411139,0
0,0.00040050055,0
0,2.6942384e-06,0
0,5.695732e-05,0
0,1.017151e-05,0
0,5.411587e-06,0
1,0.99993813,1
1,0.9966899,1
1,0.99999595,1
1,0.9981034,1
1,0.9755756,1
0,2.359477e-05,0
1,0.0058443868,0
1,0.9998337,1
0,7.915246e-05,0
1,0.2892641,1
0,0.0018391862,0
0,0.5407344,1
0,0.96629125,1
0,0.97094303,1
1,2.2839102e-05,0
0,0.0036870644,0
1,0.9998103,1
0,0.00015283436,0
0,0.06639286,0
0,0.0067816563,0
0,2.0717765e-05,0
0,0.90596694,1
1,0.99999464,1
0,0.0001450812,0
0,0.018858073,0
1,0.9999827,1
0,8.0183825e-05,0
0,0.030832773,0
1,0.99980384,1
0,3.30589e-06,0
1,0.99995315,1
0,0.19497138,0
1,0.44749576,1
1,0.999984,1
1,0.9956505,1
1,0.98987794,1
0,6.3003914e-05,0
0,0.00019148554,0
0,0.007816233,0
1,0.9999993,1
0,7.628231e-07,0
1,0.9997111,1
0,7.1222576e-06,0
1,0.9996699,1
0,8.417461e-05,0
0,0.24719122,0
1,0.99999523,1
1,0.08960915,0
0,9.988896e-05,0
1,0.9999951,1
1,0.9999236,1
1,0.99986243,1
0,3.6467027e-05,0
0,1.0443976e-05,0
0,0.9999155,1
0,0.000102850245,0
0,0.0015072727,0
1,0.924412,1
1,0.9944975,1
0,4.3844157e-05,0
1,0.99919254,1
1,0.9800729,1
0,0.0003516174,0
1,0.99991965,1
1,0.07867377,0
0,4.5728544e-07,0
1,0.99858546,1
0,0.004492219,0
0,0.0006100903,0
0,0.02760142,0
1,0.9738724,1
1,0.9993142,1
1,0.8686119,1
0,0.31662625,1
0,0.00049892167,0
1,0.9999907,1
0,4.4443394e-05,0
1,0.9994591,1
1,0.0005807041,0
1,0.99999356,1
1,0.00040146132,0
0,0.00015163951,0
0,0.0041359155,0
1,0.99697757,1
0,2.635981e-06,0
1,0.99999917,1
1,0.99957424,1
0,0.01725888,0
0,3.9383765e-05,0
1,0.99997985,1
0,0.00083351776,0
0,0.0533331,0
1,0.99999845,1
0,0.9997695,1
0,0.0066764285,0
0,0.0018936358,0
0,0.99884206,1
0,0.9189089,1
1,0.20538302,0
1,0.99999094,1
1,0.9989833,1
0,1.7563136e-05,0
0,0.00017733022,0
0,0.025761606,0
1,0.15284146,0
0,4.8915996e-07,0
0,7.4978936e-07,0
1,0.042953942,0
0,0.99899393,1
1,0.9998454,1
0,1.3420193e-05,0
0,4.003329e-05,0
0,0.033190165,0
1,0.99986684,1
0,1.1412012e-05,0
1,0.997948,1
1,0.9984883,1
1,0.9998117,1
1,0.99999845,1
1,0.99959606,1
0,0.001284871,0
0,0.00011623769,0
1,0.9989072,1
0,0.00013860864,0
0,0.9970884,1
1,0.2747091,1
0,0.016339868,0
1,0.999944,1
1,0.9817332,1
0,0.36422387,1
1,0.1733751,0
1,0.9999833,1
0,6.9698544e-05,0
1,0.9998467,1
1,0.14285247,0
1,0.99960214,1
0,0.958554,1
1,0.9999963,1
1,0.9992391,1
1,0.99796104,1
0,8.678786e-06,0
0,0.00012336446,0
1,0.9797468,1
0,0.0073668608,0
0,0.0017621868,0
1,0.82073087,1
1,0.9999976,1
1,0.9998838,1
1,0.99812883,1
1,0.99993265,1
0,1.7792494e-05,0
0,0.9979334,1
0,0.45181707,1
0,0.95710087,1
0,2.2549746e-05,0
1,0.9999789,1
1,0.696048,1
1,0.81290406,1
0,0.99557614,1
0,0.05028187,0
0,0.9182263,1
1,0.0013588713,0
0,0.7866861,1
0,0.00019708258,0
0,0.12224705,0
0,2.8462407e-05,0
1,0.92022485,1
0,0.00021135288,0
1,0.9944026,1
1,0.99995863,1
0,0.006498621,0
1,0.9999949,1
0,1.888298e-05,0
0,5.616016e-05,0
1,0.99999857,1
1,0.016925907,0
1,0.0880837,0
1,0.975251,1
1,0.7002743,1
0,0.017043736,0
0,0.0026317178,0
0,2.7279373e-06,0
1,0.9999975,1
1,0.99925715,1
0,2.1802082e-06,0
1,0.99936575,1
1,0.8887213,1
0,0.9784418,1
0,0.018180545,0
1,0.9949339,1
1,0.9996948,1
0,9.254864e-06,0
1,0.04874782,0
1,0.99815387,1
1,0.99997807,1
0,5.886777e-05,0
0,3.0226337e-07,0
1,0.99999726,1
1,0.008661893,0
0,7.412909e-07,0
0,0.023507768,0
1,0.9994808,1
1,0.99979335,1
0,0.26476586,0
0,0.00089490035,0
0,0.00063248316,0
1,0.999466,1
1,0.9989091,1
1,0.99405164,1
0,0.8343632,1
1,0.99998796,1
1,0.9956572,1
1,0.9993987,1
1,0.9999838,1
0,7.589716e-05,0
0,0.00039714933,0
0,0.00069166935,0
1,0.023220675,0
1,0.9999981,1
0,6.001989e-06,0
1,0.999861,1
0,0.013714273,0
0,0.012065567,0
1,0.9999312,1
0,2.262943e-05,0
1,0.8641587,1
0,2.067198e-05,0
0,2.6382333e-05,0
1,0.9999548,1
0,1.4218077e-05,0
1,0.023609806,0
1,0.99955016,1
0,0.7986715,1
0,9.732548e-05,0
1,0.999348,1
1,0.9982323,1
1,0.9996265,1
1,0.999985,1
1,0.9999343,1
0,0.00090677815,0
0,0.27871138,1
0,6.87476e-05,0
0,0.6796672,1
0,0.08275245,0
1,0.5202422,1
0,0.18212812,0
1,0.99997497,1
0,1.526551e-07,0
1,0.99989486,1
0,0.003254268,0
1,0.9769795,1
1,0.99972636,1
1,0.9999938,1
1,0.9998073,1
1,0.018358082,0
0,0.28421184,1
0,0.00072275405,0
0,9.3808585e-06,0
1,0.9999442,1
1,0.44775116,1
1,0.99999225,1
1,0.9989761,1
0,0.94355255,1
0,5.8046103e-06,0
0,0.93011177,1
0,0.0049815676,0
0,0.07612205,0
0,0.20669043,0
1,0.29866543,1
0,0.00021987663,0
1,0.9997805,1
0,1.0362799e-05,0
0,2.0957992e-07,0
0,2.8253631e-05,0
1,0.99993193,1
0,0.011262021,0
1,0.99839526,1
0,1.1874971e-06,0
1,0.97258854,1
0,0.00012940876,0
1,0.9851378,1
0,4.474883e-05,0
0,0.00030284026,0
0,9.313571e-05,0
0,0.42253017,1
1,0.70275325,1
1,0.99998724,1
0,0.00033290056,0
1,0.7940262,1
1,0.0002382083,0
0,0.00012438704,0
1,0.043026336,0
0,0.0004458406,0
0,0.018481134,0
0,9.566772e-06,0
1,0.9999504,1
1,0.4885132,1
0,0.00010423936,0
0,0.16427687,0
1,0.9880227,1
1,0.99995255,1
0,0.99289846,1
1,0.98647135,1
0,7.117688e-06,0
1,0.98873025,1
0,0.000794813,0
0,0.015595993,0
1,0.98700666,1
1,0.9962998,1
1,0.9997241,1
1,0.9991566,1
1,0.9999548,1
0,0.00015986849,0
0,0.0005928687,0
1,0.99996996,1
0,1.9156538e-05,0
0,5.5579698e-05,0
1,0.9999995,1
1,0.021091448,0
0,0.17510822,0
1,0.9982912,1
0,0.13895647,0
0,0.00010329717,0
1,0.9824554,1
0,0.99419194,1
1,0.9999336,1
1,0.99943,1
0,0.15607376,0
0,0.22995225,0
0,9.853507e-05,0
0,6.0270604e-06,0
1,0.9999968,1
1,0.9940487,1
0,0.0016474137,0
1,0.9996797,1
1,0.9999558,1
0,1.12907355e-05,0
1,0.9999684,1
1,0.09180222,0
0,2.857538e-05,0
0,4.0989493e-05,0
0,6.8667946e-06,0
1,0.9998399,1
0,5.2124768e-05,0
0,0.00082680496,0
0,4.927638e-05,0
1,0.99999285,1
0,6.76554e-06,0
0,1.6551425e-05,0
0,0.0020228897,0
1,0.9996427,1
0,0.0041948077,0
1,0.51793474,1
1,0.99995255,1
1,0.99993086,1
0,6.4597254e-05,0
1,0.14685816,0
1,0.99993646,1
0,4.2079624e-05,0
0,1.1821011e-05,0
0,0.07812861,0
0,6.823507e-06,0
1,0.9982936,1
1,0.99929523,1
0,0.8572548,1
1,0.99610776,1
1,0.99937254,1
0,9.832044e-06,0
1,0.7387464,1
1,0.9999585,1
1,0.99997115,1
0,0.0024145907,0
0,0.0003047783,0
0,0.020035684,0
0,6.4985514e-05,0
0,9.44293e-05,0
1,0.057295065,0
0,5.056548e-05,0
1,0.99967957,1
1,0.9999937,1
1,0.9998987,1
0,0.022615358,0
1,0.93860304,1
1,0.9996152,1
1,0.999006,1
1,0.99998176,1
1,0.20133469,0
1,0.9996667,1
1,0.9999881,1
0,9.6281865e-06,0
1,0.9999882,1
1,0.98245174,1
1,0.9997795,1
1,0.9868215,1
0,0.032172877,0
1,0.09642824,0
1,0.99992025,1
0,4.9111626e-05,0
1,0.94560635,1
0,0.0713735,0
1,0.9945702,1
1,0.8849817,1
0,0.0004054035,0
1,0.9997826,1
0,0.3865149,1
1,0.9999752,1
0,0.0016910301,0
1,0.9359364,1
1,0.86020666,1
1,0.6976895,1
0,8.387922e-06,0
1,0.9999516,1
1,0.9999851,1
0,1.336855e-05,0
1,0.9961953,1
1,0.999741,1
1,0.99999964,1
0,0.0004485195,0
1,0.008610983,0
1,0.7279817,1
0,0.49070224,1
1,0.9993382,1
1,0.99995136,1
1,0.99764675,1
1,0.99992263,1
1,0.057741508,0
0,1.6210303e-06,0
0,4.1017767e-05,0
0,0.5620236,1
0,0.00043378054,0
0,0.9989973,1
1,0.9999318,1
1,0.7586593,1
0,0.49263433,1
1,0.99943167,1
0,0.00053180865,0
0,0.0027246885,0
0,0.029382162,0
1,0.9888564,1
0,3.6082886e-06,0
1,0.9996221,1
0,0.00025631173,0
0,4.8355746e-06,0
0,0.1521553,0
0,0.00023709302,0
1,0.026696624,0
0,0.0003702011,0
0,0.0015389961,0
1,0.029334972,0
1,0.9999039,1
1,0.53930104,1
1,0.99988544,1
0,7.5402234e-08,0
0,0.9999528,1
0,2.2828868e-05,0
1,0.94673103,1
0,0.00020403792,0
0,0.48090938,1
0,0.63935053,1
1,0.9999306,1
0,0.0022502139,0
0,4.1410676e-05,0
0,0.0023481706,0
1,0.88038987,1
1,0.9999281,1
0,0.00020812088,0
1,0.9833807,1
1,0.99999464,1
1,0.9999269,1
0,0.13182588,0
1,0.9954828,1
1,0.9996517,1
1,0.9999831,1
1,0.8858443,1
0,0.013200255,0
0,0.0003435331,0
1,0.999938,1
1,0.99895644,1
0,1.0797345e-06,0
1,0.9999939,1
1,0.99604213,1
1,0.7709811,1
1,0.99479854,1
1,0.99993646,1
1,0.9996582,1
0,2.8783973e-06,0
0,1.111319e-05,0
1,0.99994266,1
0,0.0012853519,0
0,0.0006468401,0
0,0.9954542,1
0,1.8829878e-05,0
1,0.9999927,1
1,0.9997881,1
1,0.9999819,1
0,0.99860555,1
1,0.99999726,1
0,2.63076e-06,0
0,3.237941e-06,0
1,0.99942183,1
0,0.0004126311,0
1,0.9995983,1
0,0.00016285485,0
0,3.730143e-05,0
0,0.12792417,0
1,0.99993396,1
1,0.9999267,1
1,0.99263567,1
0,0.41068482,1
0,0.00108272,0
1,0.9764613,1
1,0.8529401,1
0,0.003485704,0
1,0.999474,1
1,0.6564026,1
0,6.6370562e-06,0
0,1.7307628e-05,0
0,3.649082e-05,0
0,1.3815127e-05,0
1,0.9999951,1
0,2.4005141e-05,0
0,0.00035166598,0
0,4.4681845e-05,0
1,0.99703515,1
1,0.9999932,1
1,0.99912614,1
0,0.004027071,0
0,0.00022162759,0
1,0.0026447312,0
1,0.94547576,1
0,0.0007744499,0
1,0.9998989,1
0,0.24319474,0
1,0.9608723,1
0,2.780685e-06,0
1,0.9442524,1
0,0.0002298023,0
0,1.3995875e-05,0
1,0.8800851,1
1,0.9049073,1
1,0.9996854,1
0,2.6416576e-05,0
0,0.0132593,0
0,8.899988e-06,0
0,0.00038672093,0
1,0.99920684,1
1,0.99138474,1
0,0.24520393,0
1,0.9948954,1
0,2.5922993e-05,0
0,0.0007308522,0
1,0.9847652,1
1,0.9999709,1
0,3.6216043e-05,0
0,0.000264019,0
1,0.9238301,1
0,0.00011431419,0
1,0.9991357,1
0,1.7697119e-05,0
1,0.9998016,1
0,3.2424334e-05,0
1,0.99998856,1
1,0.9989188,1
0,7.611774e-06,0
0,2.1618187e-06,0
0,1.3815854e-05,0
1,0.9999205,1
1,0.99990714,1
0,1.6895163e-05,0
1,0.38879693,1
0,0.0013345699,0
0,3.7074213e-05,0
0,0.00041880246,0
1,0.96676517,1
1,0.99868757,1
0,6.378008e-06,0
1,0.9999707,1
0,1.0047173e-05,0
1,0.9999988,1
0,0.95522386,1
1,0.9998913,1
1,0.99998975,1
1,0.9997781,1
0,0.00011238124,0
0,0.00026400943,0
1,0.999869,1
0,0.9976573,1
0,0.00017173373,0
0,0.0051921876,0
0,1.6762652e-07,0
0,0.00012624264,0
0,0.03678863,0
1,0.99996126,1
1,0.99988127,1
1,0.9827255,1
0,0.15775427,0
0,0.9983937,1
0,0.012320841,0
1,0.9999453,1
0,0.0006166418,0
1,0.93776554,1
0,0.0021511682,0
0,0.0025436443,0
0,0.00091743097,0
1,0.9998217,1
1,0.9054678,1
0,7.594329e-06,0
1,0.99752814,1
0,0.01568511,0
1,0.9973942,1
0,0.00014985928,0
1,0.9999778,1
0,5.3557935e-05,0
1,0.00090511015,0
0,1.0917687e-05,0
1,0.9999819,1
1,0.99959344,1
1,0.9999931,1
1,0.9999225,1
1,0.9992938,1
0,0.0003090727,0
1,0.9999733,1
0,0.01741806,0
1,0.991243,1
1,0.89204764,1
0,1.4662688e-05,0
1,0.14684607,0
1,0.999801,1
0,0.00015063604,0
1,0.30745888,1
0,0.13656385,0
1,0.43267113,1
1,0.99996424,1
1,0.9999542,1
1,0.99999774,1
1,0.7740019,1
0,2.4701623e-05,0
1,0.9999826,1
1,0.98431015,1
1,0.9801688,1
1,0.9953181,1
0,0.0080474485,0
0,8.289569e-06,0
1,0.9999902,1
0,0.38201627,1
1,0.9999174,1
1,0.9999974,1
0,0.5544942,1
1,0.99993706,1
0,7.0858405e-05,0
0,0.82728344,1
0,0.00040460163,0
1,0.9998896,1
0,2.835053e-06,0
1,0.9998599,1
0,0.004108308,0
1,0.99997795,1
0,0.00060123537,0
0,5.151025e-05,0
0,0.0015839249,0
1,0.98613447,1
1,0.98647076,1
0,0.0027589693,0
0,0.024077525,0
1,0.99970394,1
1,5.9030963e-06,0
0,2.1417562e-05,0
1,0.9999646,1
0,4.348377e-05,0
0,0.5066002,1
0,5.3751504e-05,0
0,2.6360256e-05,0
0,0.0012887507,0
1,0.9995309,1
1,0.94114953,1
1,0.4839158,1
1,0.9962437,1
0,0.000108694185,0
0,0.19755736,0
0,9.835262e-06,0
0,0.45321873,1
1,0.99758875,1
0,3.8414433e-05,0
0,2.1830563e-06,0
1,0.99894804,1
1,0.99998546,1
1,0.9999676,1
1,0.99999833,1
1,0.934131,1
0,0.00031847708,0
0,1.3253199e-05,0
0,0.0013405662,0
1,0.99831116,1
1,0.99997365,1
0,2.436354e-05,0
1,0.9128864,1
1,0.99715173,1
1,0.946765,1
1,0.9999956,1
1,0.9999782,1
0,6.271594e-05,0
0,3.8794173e-05,0
0,0.6474405,1
0,0.0018457227,0
0,0.007824213,0
0,0.00010991408,0
0,0.2553287,0
0,0.025271257,0
1,0.9999993,1
1,0.9976654,1
1,0.92352086,1
1,0.8570988,1
0,1.3283882e-05,0
0,0.0026687367,0
0,0.03062744,0
1,0.9702903,1
1,0.07620631,0
1,0.92729884,1
0,0.00010239648,0
1,0.99991596,1
1,0.01455739,0
0,5.143304e-06,0
0,7.467733e-05,0
0,0.0027280995,0
0,0.0004843017,0
0,3.5799326e-06,0
0,0.00140627,0
1,0.6581581,1
1,0.995771,1
1,0.99999607,1
0,0.0042736446,0
0,4.5350356e-05,0
1,0.8653628,1
0,0.6754338,1
1,0.9999887,1
0,0.00028935997,0
0,0.8725289,1
0,0.05503081,0
1,0.9999697,1
0,1.4075987e-05,0
0,2.1158387e-06,0
1,0.9999714,1
0,8.256705e-05,0
0,0.018220913,0
0,4.500921e-06,0
1,0.99165,1
0,0.018981926,0
0,0.00024265306,0
0,5.255899e-07,0
0,8.445046e-05,0
1,0.99997056,1
0,0.6685807,1
1,0.1269729,0
0,0.44081652,1
1,0.2885405,1
1,0.004903097,0
0,5.2941425e-05,0
0,0.0018555314,0
0,0.00017359859,0
0,0.0009042275,0
1,0.99996626,1
0,0.0014578126,0
1,0.9994312,1
0,0.3859885,1
0,0.005339499,0
0,0.00050293485,0
1,0.79087853,1
1,0.61004835,1
1,0.22964673,0
0,9.730482e-06,0
0,5.946434e-06,0
1,0.99937445,1
0,0.6170605,1
1,0.9993117,1
1,0.760362,1
1,0.9194448,1
1,0.99999225,1
0,0.042920303,0
1,0.99999726,1
1,0.99995637,1
1,0.9990602,1
0,6.5676744e-07,0
0,0.00036745606,0
1,0.99995995,1
0,6.0306706e-06,0
0,3.4881905e-06,0
1,0.99728274,1
1,0.9999924,1
1,0.9999672,1
1,0.99998105,1
1,0.99992824,1
1,0.9999895,1
0,7.7317265e-05,0
0,4.2156742e-05,0
1,0.99966335,1
1,0.99968815,1
1,0.9999901,1
1,0.94605297,1
1,0.9994011,1
0,2.8704092e-06,0
0,0.00025257003,0
1,0.9219071,1
0,8.3062446e-07,0
0,2.6278556e-05,0
0,0.010020678,0
1,0.9998331,1
1,0.96198905,1
1,0.09325491,0
1,0.9999994,1
1,0.9999982,1
0,0.00016802321,0
1,0.9871062,1
0,2.3763885e-05,0
1,0.9590551,1
1,0.9260511,1
1,0.9999759,1
0,3.682608e-06,0
1,0.9997243,1
1,0.82720464,1
0,0.48059198,1
0,0.00045129,0
1,0.99954456,1
1,0.9999975,1
0,0.00417255,0
1,0.9974911,1
0,0.003392041,0
1,0.9998266,1
1,0.95927954,1
1,0.9998282,1
1,0.006912625,0
0,4.2278847e-07,0
1,0.99999046,1
0,0.830411,1
0,2.3670134e-05,0
0,4.7576996e-05,0
0,0.00052905217,0
1,0.99995804,1
1,0.8635866,1
0,0.0037943241,0
0,0.6644095,1
0,6.186744e-06,0
1,0.93124783,1
0,0.0017098953,0
0,8.207977e-05,0
1,0.98418,1
1,0.99983287,1
1,0.9975891,1
1,0.99984515,1
1,0.9999963,1
0,0.0032499016,0
0,9.227952e-05,0
1,0.99985564,1
0,0.0037441645,0
0,0.7669687,1
1,0.9999864,1
0,0.08156874,0
0,0.078089796,0
0,0.98041624,1
0,0.13611555,0
0,2.6865824e-05,0
0,4.252943e-06,0
0,0.0005839079,0
1,0.99991286,1
1,0.99951005,1
1,0.9952702,1
0,3.120926e-05,0
0,0.011057838,0
0,3.551826e-05,0
0,0.019372627,0
1,0.99991226,1
1,0.9999697,1
1,0.999841,1
0,9.367753e-06,0
0,0.0024152787,0
1,0.99968195,1
1,0.11456734,0
1,0.0066412007,0
0,0.92554057,1
1,0.9999747,1
1,0.9998816,1
0,6.9734733e-07,0
1,0.9999887,1
0,3.62938e-05,0
0,4.693851e-05,0
0,3.5727496e-06,0
0,0.0014097294,0
1,0.9984097,1
0,1.11880845e-05,0
1,0.9534182,1
0,0.00019883986,0
1,0.9999914,1
1,0.9999219,1
0,0.010157966,0
0,3.4570898e-05,0
1,0.99993706,1
1,0.63446784,1
0,8.7878216e-05,0
1,0.24426992,0
0,0.00016260843,0
0,0.0019059451,0
1,0.99997544,1
0,0.0008829672,0
1,0.99823487,1
1,0.99221206,1
1,0.99999905,1
0,0.00071101385,0
1,0.9690244,1
0,0.00059060403,0
0,0.00034952958,0
0,3.3644697e-05,0
1,0.99995947,1
1,0.99999857,1
1,0.99110794,1
0,2.5490508e-05,0
0,4.786943e-06,0
1,0.99998116,1
1,0.9999932,1
0,0.044094328,0
1,0.9510998,1
1,0.99999833,1
1,0.999985,1
0,4.9337083e-05,0
1,0.99991894,1
1,0.9999989,1
0,0.0009926879,0
0,0.00012137985,0
1,0.99999833,1
0,8.7437606e-05,0
1,0.99944586,1
1,0.9999863,1
0,0.68341184,1
0,7.0648835e-05,0
0,8.574344e-05,0
1,0.99999726,1
1,0.9999291,1
1,0.75465864,1
0,0.009101837,0
1,0.9999958,1
1,0.9999392,1
1,0.743474,1
1,0.99992454,1
1,0.99988437,1
1,0.86560404,1
0,1.7780247e-05,0
1,0.99855703,1
0,0.031391006,0
1,0.99998665,1
1,0.99999917,1
0,0.002948619,0
0,6.443375e-06,0
0,0.0014130299,0
1,0.037792243,0
0,8.982715e-05,0
1,0.28981566,1
1,0.9789202,1
1,0.9999683,1
1,0.999998,1
1,0.03719999,0
1,0.9999999,1
1,0.04954404,0
0,1.9313431e-05,0
0,0.0005930662,0
0,0.00037730593,0
0,0.0004603048,0
1,0.7870136,1
1,0.99993336,1
0,1.5514308e-05,0
0,8.334291e-06,0
0,2.6627744e-05,0
0,1.5663894e-05,0
0,0.079532705,0
0,0.02266923,0
1,0.99999356,1
1,0.9999857,1
1,0.99998796,1
1,0.99968374,1
0,2.5953024e-05,0
0,0.06000715,0
0,0.0142033845,0
1,0.990629,1
0,0.013246702,0
0,2.9806736e-06,0
0,0.058380466,0
1,0.9984119,1
0,0.99404514,1
0,0.0002700885,0
1,0.99998176,1
0,1.4163188e-05,0
0,0.9894601,1
1,0.99979335,1
0,6.231867e-06,0
0,0.0001650985,0
1,0.99993086,1
1,0.99967074,1
1,0.99982303,1
0,0.034709547,0
0,0.00011725551,0
1,0.98287696,1
0,3.70302e-07,0
0,0.9214925,1
1,0.9999418,1
1,0.9999989,1
0,7.629577e-07,0
1,0.9999814,1
1,0.7203668,1
1,0.9584663,1
0,0.73640025,1
0,2.7253939e-06,0
1,0.999997,1
1,0.99985194,1
0,0.0032405744,0
0,0.0052505685,0
0,1.5764692e-05,0
0,0.003564041,0
1,0.99999475,1
0,0.9672268,1
1,0.6897344,1
1,0.99874204,1
1,0.99993455,1
0,0.0027616392,0
0,0.975938,1
0,1.5136378e-05,0
0,0.024695398,0
1,0.9995894,1
0,0.00011564587,0
1,0.9996014,1
0,4.0875122e-05,0
0,0.0019315721,0
1,0.9999831,1
1,0.00053512445,0
1,0.9964898,1
1,0.9999012,1
0,3.7205118e-05,0
0,9.0117265e-07,0
1,0.97538096,1
1,0.9999771,1
0,0.000572665,0
0,3.648024e-05,0
0,0.00020626253,0
0,4.169292e-06,0
0,0.029145142,0
0,0.00018169403,0
1,0.96507514,1
0,0.018037494,0
1,0.56635165,1
1,0.999997,1
0,2.8290249e-06,0
0,0.009325665,0
1,0.99999774,1
1,0.99939847,1
0,6.370473e-05,0
1,0.94851863,1
1,0.996842,1
1,0.99986196,1
1,0.9999813,1
0,0.99980956,1
0,3.738237e-05,0
1,0.99885607,1
0,0.00022034925,0
1,0.9999925,1
1,0.99998975,1
0,0.0065927007,0
0,0.96576893,1
1,0.99997556,1
0,0.01732358,0
0,0.0005893453,0
1,0.03545911,0
0,0.75394094,1
1,0.14797646,0
0,0.7812129,1
1,0.99962175,1
1,0.99999595,1
0,3.9501912e-05,0
0,0.71483284,1
0,2.038675e-06,0
1,0.90227425,1
1,0.99993694,1
0,0.9799699,1
1,0.99131364,1
0,0.27096677,1
1,0.99993956,1
1,0.9970969,1
1,0.9999976,1
1,0.9927127,1
1,0.9998603,1
1,0.99889034,1
1,0.47679162,1
0,0.2931987,1
0,4.7682533e-06,0
0,0.99803203,1
0,1.4542951e-05,0
0,0.00025021157,0
0,0.00018114688,0
1,0.0081351865,0
1,0.9999982,1
0,0.9735589,1
0,4.7461443e-05,0
1,0.74920946,1
0,0.0010770899,0
1,0.9999683,1
0,0.4255182,1
1,0.0008080432,0
1,0.9999975,1
0,0.54961395,1
0,8.928466e-07,0
0,3.637314e-06,0
1,0.9998741,1
1,0.9999087,1
1,0.9994293,1
0,0.3502346,1
0,5.6777494e-06,0
1,0.9965431,1
1,0.99960715,1
0,0.0005425758,0
1,0.9991124,1
0,0.9578586,1
0,6.4196133e-06,0
1,0.9735021,1
0,2.9432438e-06,0
0,6.470481e-06,0
1,0.99999416,1
0,8.778348e-05,0
0,9.3619326e-07,0
0,0.13350156,0
1,0.99971956,1
0,2.0725226e-07,0
1,0.9998272,1
1,0.9966897,1
1,0.99968326,1
0,0.03092518,0
0,0.0006231531,0
1,0.99995124,1
1,0.4488968,1
1,0.9470354,1
1,0.99999976,1
1,0.9925841,1
1,0.9628469,1
1,0.99515533,1
1,0.9546777,1
1,0.99995065,1
1,0.9998474,1
0,9.943282e-07,0
0,0.5444753,1
1,0.23629448,0
1,0.9999845,1
0,0.08647224,0
1,0.9996594,1
0,0.00012070545,0
1,0.99978226,1
1,0.99887305,1
0,0.0017049367,0
1,0.9997222,1
0,0.45138803,1
0,8.066189e-06,0
0,1.8527547e-07,0
0,5.4659184e-05,0
1,0.9999882,1
0,0.00024115092,0
1,0.9898331,1
1,0.020401787,0
0,0.71438825,1
1,0.9999912,1
1,0.5072286,1
0,0.0008749365,0
0,0.0001669873,0
0,1.6396349e-05,0
1,0.9999925,1
0,8.838211e-05,0
0,6.730795e-05,0
0,6.6763176e-05,0
1,0.028433584,0
1,0.61949146,1
0,0.00095406745,0
1,0.9999733,1
0,5.2344338e-05,0
1,0.9690086,1
0,3.995385e-06,0
1,0.99902964,1
1,0.9994816,1
0,0.0003980313,0
1,0.99995005,1
1,0.9999393,1
1,0.9980427,1
0,1.1240403e-05,0
0,0.013516131,0
0,0.0035023002,0
0,1.5751782e-05,0
0,0.00010391524,0
0,0.00019590826,0
0,3.0224513e-05,0
1,0.9987973,1
1,0.020073932,0
0,0.38261995,1
1,0.9999826,1
0,0.0031306308,0
0,0.00017822898,0
0,9.480011e-06,0
0,4.568215e-05,0
1,0.011311929,0
0,1.1225384e-05,0
1,0.99983263,1
1,0.15123367,0
1,0.9999876,1
0,0.0015169798,0
1,0.30605242,1
1,0.9999509,1
0,0.00013707882,0
0,0.10603006,0
1,0.99999285,1
0,0.00020502273,0
1,0.9967272,1
0,8.107866e-06,0
0,0.9999355,1
0,0.019957721,0
1,0.99999774,1
0,0.00028489987,0
1,0.000740843,0
1,0.99991274,1
0,8.88147e-06,0
1,0.96012574,1
0,9.238192e-05,0
0,0.70896304,1
0,0.00010356268,0
0,0.25070512,0
0,1.2179659e-05,0
0,0.8998723,1
1,0.09863583,0
0,0.05789875,0
0,1.6786595e-05,0
0,0.029515445,0
1,0.99998796,1
0,2.5670344e-05,0
0,1.3631909e-06,0
0,0.00046269927,0
1,0.99999547,1
1,0.99066556,1
0,3.1125535e-05,0
1,0.9999989,1
0,5.3790536e-06,0
1,0.99990416,1
0,0.0005517632,0
0,1.0786518e-06,0
1,0.99996865,1
0,2.8407853e-06,0
1,0.99606776,1
1,0.999681,1
1,0.9999962,1
0,0.0004238698,0
0,0.00868406,0
1,0.49483073,1
1,0.9995763,1
1,0.9999665,1
0,0.0001265227,0
0,0.00021704966,0
1,0.0039675785,0
1,0.9999883,1
0,1.19257165e-05,0
1,0.9990977,1
1,0.99999785,1
0,1.0314438e-05,0
0,1.7695329e-05,0
0,1.6636817e-05,0
1,0.9968035,1
1,0.99399734,1
1,0.9818965,1
0,3.2516087e-05,0
1,0.98703474,1
1,0.9563701,1
1,5.9711998e-05,0
0,0.00021330651,0
0,2.1197366e-06,0
1,0.99131787,1
0,0.0006002448,0
1,0.99998724,1
0,0.00014791221,0
0,5.677961e-05,0
0,0.00012748184,0
0,0.00026452797,0
1,0.009189897,0
0,0.0010589135,0
0,0.12505722,0
1,0.0014227498,0
1,0.99990714,1
1,0.00045060864,0
0,0.01773183,0
1,0.016013632,0
1,0.9999527,1
0,7.646022e-05,0
0,0.0015414613,0
1,0.8916278,1
0,5.9317215e-05,0
0,0.00024884928,0
1,0.99999917,1
0,6.8425024e-06,0
0,0.00020583149,0
0,3.942025e-05,0
1,0.99998045,1
1,0.99958235,1
0,0.0001152189,0
0,7.0901285e-07,0
1,0.99689853,1
1,0.8938787,1
0,2.4687677e-06,0
1,0.99991393,1
0,0.022151288,0
1,0.03211006,0
1,0.83710706,1
0,0.0009392299,0
0,0.0053787814,0
1,0.9999757,1
1,0.9996606,1
0,0.9992867,1
1,0.73464674,1
0,0.04291187,0
0,0.00045997932,0
0,7.1008867e-06,0
1,0.7668535,1
1,0.13551359,0
0,0.99921155,1
0,1.700982e-05,0
1,0.99997497,1
1,0.66146094,1
0,2.113045e-05,0
0,0.0031470037,0
1,0.9878037,1
0,9.810883e-07,0
1,0.5227913,1
0,5.7127854e-05,0
0,3.8291066e-05,0
0,0.0101191,0
1,0.3121806,1
1,0.95387536,1
0,4.2134607e-06,0
0,0.00011516486,0
0,0.002321322,0
1,0.99999094,1
0,0.000107160355,0
0,0.007812965,0
1,0.9999863,1
1,0.9439069,1
1,0.9954856,1
0,6.278703e-05,0
0,0.0022206763,0
0,0.4037041,1
0,0.00011485931,0
0,0.024054442,0
1,0.9987556,1
0,0.0066281557,0
1,0.99999547,1
1,4.13731e-05,0
1,0.99991894,1
1,0.99999046,1
0,5.3146392e-05,0
0,2.769201e-05,0
1,0.99998176,1
1,0.998495,1
1,0.9999856,1
0,0.00010895591,0
1,0.78842026,1
0,0.013100707,0
0,4.101405e-05,0
1,0.99971074,1
1,0.99995697,1
0,9.918734e-05,0
1,0.9961467,1
1,0.33903682,1
1,0.999918,1
0,0.0005388999,0
1,0.001381995,0
0,5.019084e-06,0
0,0.040677607,0
1,0.99847406,1
0,0.0018419893,0
0,2.4590865e-06,0
1,0.9999865,1
1,0.99988604,1
1,0.9981675,1
1,0.99898773,1
1,0.06357722,0
0,0.059216477,0
1,0.9999622,1
1,0.99964285,1
0,0.10408116,0
1,0.9999331,1
0,0.0012472621,0
1,0.9999869,1
0,6.6302932e-06,0
0,0.001411043,0
1,0.99999774,1
0,0.09695885,0
0,0.00046501844,0
0,1.7445665e-05,0
1,0.99934715,1
0,4.3665787e-07,0
1,0.9998247,1
1,0.9997806,1
0,4.901632e-05,0
0,1.3595344e-05,0
1,0.99999774,1
0,2.9881428e-05,0
0,0.55967206,1
1,0.99999094,1
0,0.99939585,1
1,0.99999356,1
0,1.7939345e-05,0
1,0.9974285,1
0,1.0918134e-05,0
0,0.00089095696,0
0,0.00052202103,0
0,1.3868067e-06,0
1,0.9998938,1
0,0.000103326136,0
1,0.00047657266,0
1,0.9999707,1
1,0.99998057,1
0,0.00014256664,0
0,0.6101586,1
1,0.9993135,1
0,1.2278462e-05,0
1,0.7946583,1
1,0.9999974,1
1,0.9999323,1
0,2.8022163e-05,0
0,0.0040571075,0
1,0.99996436,1
0,5.9246013e-06,0
1,0.99986243,1
1,0.9999846,1
1,0.9999293,1
1,0.9949974,1
1,0.9982268,1
1,0.99205,1
1,0.99970907,1
0,0.20581217,0
1,0.99972683,1
0,6.078064e-05,0
1,0.99997115,1
0,0.040138483,0
0,0.0014964801,0
1,0.9924871,1
1,0.9990262,1
1,0.96586657,1
1,0.9997863,1
0,0.0061761057,0
1,0.8485261,1
0,7.4303694e-05,0
1,0.99999547,1
0,5.5375855e-05,0
0,1.2098495e-06,0
0,0.04516222,0
1,0.9999566,1
0,7.586221e-06,0
1,0.9999888,1
1,0.99718034,1
0,0.0025060687,0
0,0.0006526983,0
1,0.99926466,1
0,0.05574306,0
1,0.9999014,1
1,0.99998057,1
1,0.999998,1
1,0.999987,1
1,0.9997986,1
1,0.9999988,1
1,0.9509007,1
0,5.941063e-05,0
0,0.00037792078,0
0,0.008326741,0
0,6.1435358e-06,0
0,0.00035693593,0
0,0.0017739936,0
1,0.99992573,1
1,0.91416746,1
1,0.99911684,1
1,0.9999981,1
1,0.99427444,1
0,2.252982e-05,0
1,0.99981385,1
1,0.32030338,1
0,2.7680946e-05,0
1,0.9999567,1
1,0.90411574,1
1,0.9999471,1
0,0.9216547,1
0,0.00013286166,0
1,0.9949852,1
1,0.9190884,1
1,0.8231119,1
0,0.26969364,0
0,0.0076786387,0
1,0.99989367,1
1,0.99998605,1
0,4.800919e-06,0
1,0.99863213,1
0,9.970192e-07,0
0,1.4995031e-05,0
1,0.47769898,1
0,0.0082228845,0
0,0.0111121945,0
1,0.9698145,1
0,6.639455e-05,0
1,0.9999964,1
1,0.9999976,1
0,1.032361e-05,0
1,0.97611505,1
0,0.0001517435,0
1,0.99936026,1
0,0.0010005292,0
1,0.96259135,1
0,1.8988241e-05,0
0,0.003943955,0
1,0.97538394,1
0,0.024628863,0
0,0.99875176,1
1,0.9999926,1
1,0.9026676,1
0,2.4866147e-05,0
0,3.6331996e-05,0
1,0.9999908,1
1,0.11951439,0
1,0.999554,1
1,0.9995977,1
0,0.00991426,0
0,2.2860293e-08,0
0,0.00028314246,0
1,0.99951804,1
1,0.7188311,1
1,0.9968292,1
1,0.99996567,1
0,0.00015033671,0
1,0.9999939,1
1,0.9922625,1
1,0.98792636,1
0,9.553137e-07,0
0,0.00027117683,0
1,0.9999466,1
1,0.9750577,1
0,2.3524022e-05,0
1,0.99975723,1
1,0.9994825,1
1,0.9260726,1
0,0.019175833,0
1,0.99967206,1
0,0.00043911292,0
0,0.7129694,1
0,0.00024697938,0
1,0.9999994,1
0,1.1398492e-05,0
1,0.99920136,1
0,2.9697671e-06,0
1,0.048628557,0
1,0.99131876,1
1,0.9999831,1
0,0.99903643,1
0,5.5075456e-05,0
0,3.6286012e-05,0
1,0.9999633,1
0,2.064304e-06,0
0,0.0027732395,0
1,0.9999975,1
1,0.9999844,1
1,0.9042504,1
0,0.009376578,0
0,0.00023214259,0
0,0.031872645,0
1,0.99996483,1
1,0.9997223,1
1,0.93068445,1
1,0.99977976,1
0,0.00016758704,0
0,6.8858963e-06,0
1,0.99991083,1
0,0.026831709,0
1,0.9293271,1
1,0.99999964,1
0,4.5629145e-06,0
1,0.99995613,1
0,0.45465812,1
0,5.5995793e-06,0
0,7.022775e-05,0
0,1.5855305e-05,0
1,0.9946906,1
0,0.00021520164,0
0,0.15710928,0
1,0.9999931,1
0,0.038859382,0
1,0.9997979,1
1,0.9988248,1
0,7.405872e-05,0
0,3.2397696e-05,0
0,3.8571026e-05,0
1,0.95618534,1
0,3.5760997e-05,0
1,0.031885676,0
1,0.9999851,1
0,1.6241594e-05,0
0,0.000110529145,0
1,0.93400365,1
1,0.99541473,1
1,0.99776125,1
0,0.00031071357,0
1,0.99918777,1
0,0.0030986406,0
1,0.9999627,1
1,0.99997246,1
1,0.9999907,1
1,0.47234488,1
1,0.99999833,1
1,0.9999461,1
1,0.9999993,1
1,0.9999912,1
0,6.461648e-07,0
0,4.7899768e-05,0
0,0.65634567,1
0,0.00012573302,0
1,0.99969935,1
0,4.3888995e-06,0
1,0.99974257,1
1,0.9732308,1
1,0.99665487,1
1,0.99972636,1
0,0.0006446556,0
1,0.99999285,1
0,5.7972236e-05,0
1,0.51503664,1
0,0.00012646806,0
0,0.002391293,0
0,0.006316642,0
1,0.99999964,1
1,0.9998354,1
1,0.99999714,1
1,0.9999552,1
0,3.961535e-05,0
0,0.00016604796,0
0,0.0019703084,0
0,0.19709228,0
1,0.999997,1
0,0.00020070905,0
1,0.99827063,1
0,0.00057059876,0
0,0.0147232935,0
0,0.013737352,0
1,0.9944581,1
1,0.9999008,1
0,0.9690192,1
1,0.920188,1
0,0.0014363849,0
0,1.1619082e-05,0
1,0.9998789,1
1,0.999948,1
1,0.9999428,1
1,0.039944563,0
1,0.99999845,1
1,0.99911195,1
1,0.054833468,0
0,0.98636824,1
0,6.6252096e-07,0
0,0.016322518,0
1,0.9847378,1
1,0.9993105,1
1,0.04534806,0
1,0.9999727,1
1,0.9800305,1
1,0.99999905,1
0,0.00010198477,0
0,0.25479838,0
1,0.9979862,1
1,0.79984236,1
1,0.9999975,1
1,0.7571155,1
0,0.00026982752,0
1,0.9999883,1
0,0.004072777,0
1,0.9348426,1
0,0.0011285507,0
1,0.9999671,1
0,2.0399154e-06,0
0,0.0013908645,0
0,0.0039552026,0
0,7.1773366e-06,0
1,0.9999131,1
0,1.8772322e-05,0
0,3.9874485e-05,0
0,0.001741422,0
1,0.0084559675,0
0,2.0950543e-05,0
0,7.824435e-06,0
1,0.9926604,1
0,0.00028930508,0
0,5.0712974e-06,0
1,0.9999976,1
0,1.2248419e-06,0
0,0.00092582975,0
1,0.99627256,1
1,0.9999975,1
1,0.99987864,1
1,0.9423181,1
0,0.009613088,0
1,0.9978168,1
1,0.99999785,1
1,0.997163,1
1,0.9999348,1
0,6.2578565e-06,0
0,0.0012644028,0
0,1.5269005e-06,0
1,0.98861605,1
0,4.2455125e-07,0
1,0.99999523,1
1,0.9992072,1
0,0.00367857,0
0,0.040014524,0
0,0.00044281405,0
1,0.9849213,1
1,0.9984175,1
1,0.9998653,1
0,2.0477752e-05,0
1,0.9677109,1
1,0.99985695,1
0,2.5945106e-05,0
0,0.053176396,0
1,0.9995709,1
1,0.9492888,1
0,0.037167285,0
1,0.99997747,1
1,0.3504005,1
1,0.9999989,1
0,2.0589014e-05,0
1,0.9999622,1
1,0.9988807,1
0,8.165517e-05,0
1,0.99953306,1
1,0.997232,1
0,0.0018215196,0
0,6.361948e-05,0
1,0.99571085,1
0,0.0005097448,0
1,0.99971086,1
1,0.99996364,1
1,0.9925243,1
0,4.3986793e-06,0
1,0.1002038,0
0,0.00019809937,0
1,0.99997747,1
1,0.99811816,1
0,0.07298145,0
0,0.0002814069,0
1,0.9999646,1
0,1.5119236e-06,0
0,1.9530988e-05,0
0,0.00060360413,0
0,0.33740297,1
1,0.9999542,1
1,0.9883267,1
0,0.00056791084,0
0,2.3625595e-05,0
1,0.9999881,1
0,8.6260115e-05,0
0,6.188473e-06,0
0,7.245091e-05,0
0,4.1286905e-05,0
0,0.2668092,0
0,0.0002749187,0
0,0.00093894004,0
1,0.99859565,1
0,8.5383945e-05,0
0,0.0017536968,0
0,0.00047864733,0
1,0.9999881,1
0,2.7019576e-05,0
0,2.0438516e-05,0
1,0.92028666,1
0,0.00557235,0
0,0.000221496,0
1,0.0030474653,0
1,0.89709556,1
1,0.9999896,1
1,0.9999602,1
0,7.897551e-08,0
1,0.9996289,1
0,7.2468254e-05,0
1,0.35706627,1
1,0.30365244,1
0,0.6512762,1
1,0.9995011,1
0,1.2685507e-05,0
1,0.98951423,1
0,0.00033458945,0
1,0.99993825,1
0,0.0013491688,0
1,0.99999917,1
1,0.99953103,1
1,0.99989426,1
0,0.00031997994,0
0,4.5677207e-06,0
0,4.070218e-06,0
0,4.141402e-06,0
0,9.342878e-06,0
1,0.0022072797,0
0,4.5722292e-05,0
1,0.98398787,1
0,0.0003112924,0
1,0.94664145,1
0,0.023905199,0
1,0.9910398,1
1,0.99277323,1
1,0.9999858,1
1,0.9999857,1
0,0.0058213365,0
1,0.9999987,1
1,0.9975539,1
1,0.26371062,0
0,4.1108402e-07,0
1,0.99925095,1
0,0.002933183,0
1,0.88479567,1
1,0.9999418,1
1,0.09118096,0
0,4.2869593e-07,0
0,0.0061128945,0
1,0.87365144,1
0,0.98630583,1
0,1.2105073e-06,0
0,0.08043768,0
1,0.99993217,1
1,0.9967625,1
1,0.9828015,1
0,0.07719864,0
1,0.00189667,0
1,0.9937032,1
1,0.84035367,1
0,3.625689e-05,0
1,0.009056415,0
0,0.024582786,0
0,5.054433e-07,0
1,0.9999893,1
1,0.19618098,0
1,0.99994946,1
0,0.0036747674,0
0,0.011900227,0
0,6.081246e-05,0
0,0.034344602,0
1,0.9999796,1
1,0.22385587,0
0,0.0014116283,0
1,0.99984205,1
0,0.0003941292,0
1,0.99999285,1
0,8.0141416e-07,0
1,0.86980516,1
1,0.99997604,1
0,0.014452179,0
0,1.4097492e-06,0
0,0.2062663,0
0,4.876815e-06,0
1,0.99998593,1
1,0.99999714,1
1,0.067224726,0
1,0.99584514,1
1,0.9999485,1
1,0.9959668,1
1,0.9996407,1
1,0.9999876,1
1,0.99956113,1
0,0.36934018,1
1,0.9999975,1
1,0.9999896,1
1,0.9991424,1
0,5.801084e-07,0
1,0.99983275,1
1,0.9999975,1
1,0.9999933,1
0,0.00047753289,0
0,3.9112574e-06,0
0,0.0028739993,0
0,2.863572e-05,0
0,0.11155928,0
0,0.1385551,0
1,0.9072297,1
1,0.9999976,1
0,0.23174866,0
1,0.9999889,1
0,5.6270594e-05,0
0,9.673569e-06,0
0,0.008180989,0
1,0.72903144,1
1,0.9997187,1
0,0.05742799,0
0,0.0002981474,0
0,0.9230724,1
0,0.2262566,0
0,1.3879275e-06,0
0,4.4605848e-05,0
1,0.9998486,1
0,0.1255258,0
1,0.99999726,1
1,0.09198715,0
0,0.0003552623,0
1,0.9837356,1
1,0.9946609,1
0,0.003559465,0
0,0.0001832715,0
1,0.99998796,1
0,0.081040286,0
1,0.99950397,1
0,9.022798e-05,0
1,0.99998057,1
1,0.99999213,1
1,0.99999547,1
0,0.00022637847,0
1,0.99420667,1
1,0.9999943,1
0,2.6894588e-05,0
1,0.99729806,1
1,0.99999034,1
1,0.9999969,1
1,0.99997854,1
1,0.7014614,1
1,0.038493317,0
1,0.9999877,1
0,0.05701928,0
0,0.00040027383,0
0,9.722282e-06,0
1,0.9824331,1
1,0.99982506,1
0,8.4837724e-05,0
1,0.99961865,1
0,0.00027026286,0
1,0.9615278,1
0,0.026566593,0
0,0.00056447455,0
1,0.56552285,1
1,0.99993515,1
1,0.99996924,1
0,0.0009987555,0
1,0.9994716,1
0,9.691364e-06,0
1,0.9859876,1
0,0.0004054789,0
1,0.9994765,1
1,0.9592688,1
1,0.33220536,1
0,0.99806184,1
1,0.99998593,1
0,8.803006e-06,0
0,0.0006737242,0
1,0.98771894,1
1,0.9993011,1
0,0.0001295237,0
1,0.43528685,1
1,0.9999553,1
0,0.00011328006,0
0,0.00013942599,0
0,0.00036953468,0
0,0.0014246887,0
0,0.00043546924,0
1,0.013764732,0
0,0.8954864,1
0,4.68145e-05,0
0,2.9179759e-05,0
1,0.99997056,1
1,0.9995671,1
0,0.011376919,0
1,0.9832681,1
1,0.93333626,1
0,0.00041155922,0
0,1.6750555e-07,0
1,0.9698942,1
1,0.7566522,1
0,0.001191655,0
0,1.5080403e-05,0
0,6.8771756e-06,0
0,1.0953165e-05,0
1,0.9996369,1
0,0.0009813565,0
0,0.9914272,1
1,0.9999757,1
1,0.42129847,1
0,0.0011606955,0
1,0.00035914022,0
0,0.15937024,0
1,0.99999166,1
1,0.9999436,1
1,0.9999397,1
1,0.99989235,1
0,1.252628e-05,0
0,0.00014193781,0
0,0.003006376,0
0,0.00018972249,0
0,0.0011995181,0
1,0.019068899,0
1,0.99967253,1
0,0.43870884,1
1,0.002182378,0
0,6.67031e-05,0
1,0.4934521,1
0,1.8050281e-06,0
0,0.00025188082,0
1,0.9999989,1
0,7.702093e-06,0
1,0.9999932,1
0,5.848135e-05,0
0,0.0008160407,0
0,0.95953727,1
1,0.9999962,1
1,0.92452824,1
0,8.752453e-06,0
1,0.99964106,1
0,0.005478367,0
0,0.0005396031,0
0,0.21902965,0
0,0.0010829397,0
1,0.9999857,1
1,0.9999838,1
0,0.00021584792,0
1,0.9963003,1
0,0.0005267361,0
0,0.007603473,0
0,5.7304e-07,0
0,4.5150437e-06,0
0,0.00028616627,0
0,7.2784235e-07,0
1,0.9999987,1
0,0.009470864,0
1,0.9998184,1
0,0.00022000875,0
1,0.9999932,1
0,0.4608592,1
0,4.24463e-05,0
1,0.9978091,1
1,0.9950348,1
0,0.0036700966,0
0,6.8235846e-07,0
1,0.8474702,1
1,0.9999871,1
1,0.99986756,1
1,0.9990797,1
0,1.4704362e-05,0
1,0.9999747,1
1,0.9872946,1
1,0.9990785,1
1,0.9999924,1
0,2.052522e-06,0
1,0.9995283,1
0,0.00017865263,0
1,0.011524629,0
0,2.7060682e-06,0
0,2.1761201e-05,0
0,7.328188e-05,0
1,0.11623462,0
1,0.99904484,1
1,0.99996555,1
0,0.38265434,1
1,0.9999968,1
0,3.805624e-06,0
1,0.9999987,1
1,0.9998971,1
0,0.71261525,1
0,3.2711137e-06,0
1,0.12348279,0
0,7.811185e-05,0
1,0.999946,1
0,0.0007130573,0
0,0.00013502521,0
0,7.386934e-05,0
0,7.093487e-05,0
0,0.085119404,0
1,0.99727136,1
1,0.99998474,1
0,0.06185413,0
1,0.99999845,1
0,0.0013119909,0
0,0.99817896,1
0,1.19741735e-05,0
1,0.99816376,1
0,4.538429e-06,0
0,0.6292694,1
1,0.984493,1
0,6.665798e-06,0
0,8.488042e-06,0
0,0.026920548,0
1,0.9801635,1
0,0.5233968,1
1,0.39362764,1
1,0.99999666,1
0,3.089748e-06,0
1,0.9920576,1
1,0.8310853,1
1,0.016399164,0
0,7.412482e-06,0
1,0.99969506,1
0,0.00060098845,0
0,2.570138e-05,0
1,0.9958364,1
1,0.9999939,1
0,2.1456384e-05,0
0,0.0010865595,0
0,0.003030999,0
1,0.9999882,1
1,0.17499375,0
1,0.007404258,0
1,0.9999802,1
0,0.00096914975,0
1,0.9872881,1
1,0.9999044,1
0,0.00022083384,0
0,2.5372105e-05,0
0,0.0033460208,0
1,0.99898857,1
0,0.098095834,0
0,3.130826e-05,0
0,1.2791926e-05,0
1,0.9980558,1
0,0.14053507,0
0,0.037644263,0
0,0.121383645,0
0,0.99201435,1
0,0.0002771589,0
1,0.99810445,1
1,0.99988425,1
1,0.96143633,1
1,0.9998466,1
0,1.3726363e-05,0
0,0.44270238,1
0,0.00015676935,0
1,0.022297062,0
1,0.03198159,0
1,0.9999925,1
0,0.0019859334,0
0,0.00016252752,0
1,0.9999881,1
1,0.7485244,1
0,0.022600342,0
0,0.8891219,1
0,0.97632945,1
1,0.99927574,1
0,8.567073e-06,0
0,5.1689767e-06,0
1,0.99999464,1
0,4.3511893e-05,0
0,0.33368477,1
0,0.00020431806,0
1,0.99990296,1
0,0.00019559616,0
1,0.99911946,1
0,0.00043577093,0
0,1.8522385e-05,0
1,0.998278,1
0,0.002126263,0
1,0.100760855,0
0,0.92193854,1
1,0.9643235,1
0,5.135017e-05,0
0,1.1271941e-05,0
1,0.08826739,0
0,1.4412108e-06,0
1,0.99998605,1
0,3.9592767e-05,0
0,0.043489154,0
1,0.25685316,0
1,0.9999794,1
1,0.98006415,1
0,3.4123957e-05,0
1,0.4355995,1
1,0.99999785,1
0,0.00017554527,0
1,0.99977356,1
1,0.99992883,1
0,4.746612e-06,0
0,3.885067e-06,0
0,0.0035305475,0
0,9.568998e-06,0
1,0.9766465,1
1,0.99999535,1
1,0.99997735,1
0,0.15044482,0
0,4.0615673e-06,0
0,0.22298001,0
1,0.9989839,1
0,1.133868e-06,0
1,0.99924636,1
0,7.7399244e-07,0
0,0.00042268855,0
0,0.06644203,0
1,0.9943182,1
1,0.9561229,1
0,0.045297407,0
1,0.9999958,1
1,0.9999819,1
0,0.5778131,1
0,2.4568503e-06,0
0,5.904042e-06,0
1,0.954707,1
1,0.99999416,1
0,0.10104251,0
1,0.9999944,1
1,0.9933563,1
1,0.9999894,1
0,5.7595043e-06,0
0,9.4440875e-06,0
0,5.4396485e-05,0
1,0.9999604,1
1,0.9566037,1
1,0.99995184,1
1,0.9986298,1
0,0.00016611004,0
1,0.999977,1
0,0.32036775,1
0,0.0011012412,0
0,2.7759275e-05,0
1,0.99997187,1
0,0.00022203305,0
0,1.1260337e-05,0
1,0.9997305,1
0,0.79177654,1
1,0.9998747,1
1,0.99999154,1
0,0.9964461,1
0,1.5025274e-06,0
0,1.6094607e-05,0
1,0.9948264,1
0,7.4555996e-06,0
0,3.124941e-05,0
1,0.99995995,1
0,0.00032485215,0
1,0.9995536,1
0,3.5202902e-05,0
0,5.0324993e-06,0
1,0.99989915,1
1,0.9998903,1
1,0.9722917,1
1,0.99998295,1
0,0.0008697109,0
0,0.00016645726,0
1,0.1666327,0
0,0.018061507,0
1,0.9995085,1
1,0.999997,1
1,0.9802926,1
0,1.7714988e-06,0
0,0.00070309214,0
1,0.98631525,1
1,0.9999956,1
0,8.050703e-06,0
1,0.9999896,1
1,0.99966204,1
1,0.99998057,1
0,4.5528122e-06,0
1,0.033174958,0
0,0.00034103304,0
0,0.00033687844,0
0,0.0007582772,0
1,0.999871,1
0,0.39726064,1
1,0.9996948,1
1,0.9999926,1
1,0.9995134,1
1,0.99999225,1
1,0.9999933,1
0,4.1588e-06,0
1,0.99878305,1
1,0.9997868,1
0,0.021836296,0
1,0.9999691,1
0,3.476758e-05,0
0,2.081284e-05,0
0,0.00021046022,0
0,0.0047947117,0
1,0.99986744,1
0,0.03172129,0
1,0.98360556,1
1,0.9993162,1
0,1.0673328e-05,0
1,0.9999697,1
0,4.0832852e-05,0
0,0.3313026,1
0,0.00034176896,0
1,0.9999584,1
1,0.99995327,1
1,0.9998472,1
1,0.9999782,1
1,0.9969874,1
0,0.017943878,0
0,3.9073228e-05,0
1,0.98509675,1
0,3.5445473e-06,0
0,0.00011400122,0
0,0.7610956,1
0,0.00058517593,0
1,0.9999589,1
0,1.2891515e-05,0
0,0.00018334157,0
0,0.3482267,1
1,0.99469453,1
0,3.3839121e-06,0
0,0.0015732567,0
1,0.99894816,1
1,0.98819345,1
1,0.0053487504,0
1,0.9833571,1
0,0.00027190382,0
1,0.9999957,1
0,1.8687158e-05,0
0,5.415673e-05,0
1,0.0698299,0
1,0.9999968,1
0,3.8522834e-05,0
0,0.0034363691,0
1,0.9817124,1
0,2.7844591e-05,0
0,2.680691e-05,0
1,0.99857044,1
0,0.0011996866,0
0,0.00012499533,0
0,0.0032980884,0
0,0.047012337,0
0,0.0007146386,0
1,0.98159194,1
0,0.00063530204,0
1,0.6439511,1
1,0.018043537,0
0,0.0008255741,0
1,0.9940805,1
1,0.92497146,1
0,0.48789528,1
1,0.88925993,1
1,0.99288684,1
1,0.99976605,1
1,0.9999485,1
1,0.8818897,1
1,0.9999211,1
1,0.9188349,1
1,0.9999906,1
1,0.9999695,1
1,0.9998122,1
1,0.98782337,1
0,0.34600043,1
1,0.072951935,0
0,0.1218464,0
0,0.39147997,1
0,0.0055627404,0
1,0.9370133,1
0,2.5556688e-05,0
1,0.19024247,0
1,0.9999975,1
1,0.9993986,1
0,0.00030567398,0
0,6.1505017e-07,0
1,0.9999006,1
0,0.0011843076,0
0,0.012168158,0
0,3.3762586e-05,0
1,0.99997604,1
1,0.10467089,0
1,0.9999949,1
0,6.5548365e-06,0
0,1.6389939e-05,0
0,0.0012600836,0
1,0.9999893,1
0,0.00010118521,0
0,3.0104418e-05,0
0,8.8918085e-07,0
1,0.998588,1
1,0.9651114,1
1,0.9863837,1
0,0.0016065662,0
1,0.98849994,1
0,0.0008916423,0
1,0.98347694,1
0,0.99726886,1
1,0.99971837,1
1,0.98841316,1
1,0.9999882,1
1,0.9999052,1
0,4.450224e-06,0
1,0.9974336,1
0,0.00068524055,0
0,0.41646865,1
0,0.024919905,0
1,0.9998603,1
1,0.99429154,1
1,0.99974006,1
1,0.96554893,1
1,0.9906142,1
0,0.5416214,1
0,0.2613588,0
1,0.9998952,1
0,1.7695213e-05,0
0,2.7657012e-05,0
1,0.39304745,1
0,3.6685342e-05,0
0,0.0014327378,0
0,1.3585783e-06,0
1,0.999683,1
0,1.6099867e-06,0
1,0.91287,1
0,1.0695398e-05,0
0,0.024407636,0
0,7.457017e-05,0
1,0.9999858,1
1,0.9999106,1
0,0.6602823,1
0,7.938058e-05,0
0,1.51590875e-05,0
0,5.652822e-05,0
1,0.9999316,1
1,0.9997919,1
0,0.96308434,1
1,0.99992263,1
1,0.9997341,1
1,0.999982,1
0,0.53646827,1
0,2.6127602e-05,0
0,0.0014859877,0
1,0.9999875,1
0,0.0004019492,0
0,7.782894e-06,0
1,0.99980396,1
0,0.00012876955,0
0,0.023308642,0
0,0.004962003,0
1,0.99996006,1
1,0.99902034,1
1,0.9563893,1
1,0.09725825,0
1,0.97478455,1
0,0.0071493085,0
0,0.0019015978,0
1,0.9999411,1
0,0.001968239,0
1,0.9999685,1
1,0.0032398275,0
1,0.99934787,1
1,0.9999682,1
1,0.99993646,1
1,0.99860954,1
0,0.00036145645,0
0,0.024553545,0
0,0.0013181142,0
1,0.79505426,1
1,0.99999094,1
0,0.0001890008,0
1,0.09295365,0
0,0.017106576,0
1,0.9999585,1
0,0.0071787476,0
1,0.9998863,1
0,8.735776e-05,0
1,0.13228327,0
1,0.9996388,1
1,0.09806495,0
0,8.2847955e-06,0
0,0.00055421813,0
1,0.9997402,1
0,0.94157845,1
0,0.54180825,1
0,4.68379e-05,0
1,0.99999154,1
0,5.3329345e-06,0
1,0.99997675,1
1,0.9997955,1
0,3.6893878e-05,0
0,0.00044513543,0
0,8.471638e-05,0
1,0.00048080613,0
1,0.9999943,1
1,0.99996364,1
1,0.9999763,1
0,2.4931018e-05,0
0,0.0002402447,0
1,0.9848734,1
0,2.6367154e-06,0
1,0.9999305,1
0,0.000108850916,0
0,0.031558182,0
0,3.959873e-05,0
0,0.00021006927,0
0,0.04553457,0
0,0.9268881,1
1,0.99999154,1
1,0.99994314,1
0,6.971836e-05,0
0,0.0002753749,0
0,7.6968136e-05,0
0,1.6282225e-05,0
0,0.00027183254,0
1,0.9997645,1
1,0.99994934,1
0,0.00011872252,0
0,2.7545671e-05,0
0,1.9247678e-05,0
1,0.9179093,1
1,0.9884843,1
1,0.9999727,1
1,0.99998426,1
1,0.992829,1
0,4.7978214e-05,0
1,0.3589291,1
1,0.99207133,1
1,0.06293892,0
1,0.9345208,1
1,0.001012381,0
0,0.00018728171,0
1,0.99852365,1
1,0.009292068,0
0,0.010431074,0
1,0.99999607,1
0,0.016332818,0
1,0.9914929,1
0,3.0236316e-07,0
1,0.99999976,1
0,0.0055408296,0
0,3.769543e-07,0
1,0.9932742,1
1,0.9997973,1
0,0.00086204446,0
1,0.9999969,1
0,0.9998492,1
1,0.9269306,1
0,0.005413907,0
0,0.0006310693,0
0,6.3379534e-06,0
0,1.124006e-05,0
0,0.00012982392,0
1,0.9999882,1
0,9.563729e-07,0
0,0.0003809106,0
0,0.0022853785,0
0,0.00020813894,0
1,0.8538594,1
0,0.9019868,1
0,0.0040811663,0
0,3.1342e-07,0
1,0.99911386,1
0,7.3775755e-07,0
1,0.9361399,1
1,0.99999964,1
1,0.72003007,1
0,0.0005074619,0
0,2.078527e-06,0
1,0.9936931,1
0,0.00018353923,0
1,0.9023368,1
0,0.00010402727,0
0,0.062885776,0
0,0.99937856,1
1,0.9989593,1
1,0.99972004,1
1,0.9604179,1
1,0.9999386,1
0,0.0029312982,0
1,0.9999826,1
1,0.011140688,0
1,0.99489564,1
1,0.9999963,1
0,0.0018817335,0
1,0.9999856,1
1,0.9999925,1
0,1.6705006e-05,0
1,0.9992336,1
0,8.7424564e-07,0
1,0.9875951,1
0,0.49641427,1
0,8.547241e-05,0
1,0.99999845,1
0,0.7671342,1
1,0.9999994,1
0,0.00021499491,0
1,0.9998801,1
1,0.99979323,1
0,0.016154192,0
1,0.99936765,1
1,0.99990594,1
0,4.194745e-06,0
1,0.9998498,1
0,5.907922e-05,0
0,2.198458e-05,0
0,1.9097493e-05,0
1,0.9998099,1
0,0.00029925694,0
0,0.00022201653,0
0,0.0026342848,0
0,8.8881967e-07,0
1,0.9893254,1
1,0.99297994,1
0,8.607737e-05,0
0,2.6104692e-06,0
1,0.99995446,1
1,0.024393482,0
0,2.9487364e-06,0
1,0.73036134,1
0,0.0024238026,0
0,0.86471635,1
0,0.0028601056,0
0,0.020151272,0
0,0.0018059312,0
1,0.9997329,1
1,0.00013252762,0
1,0.48764852,1
1,0.99999964,1
1,0.9998814,1
0,0.003152013,0
1,0.99992204,1
0,4.5894714e-05,0
0,0.00014669487,0
1,0.99997604,1
1,0.99799687,1
0,0.009921592,0
1,0.9999951,1
0,0.31340358,1
1,0.99989533,1
0,1.7468874e-05,0
0,3.469144e-05,0
1,0.9999902,1
1,0.9997069,1
0,0.7806593,1
1,0.9999255,1
0,1.6122689e-05,0
1,0.8989643,1
0,5.769977e-06,0
1,0.999964,1
1,0.999997,1
1,0.0008313871,0
1,0.8561609,1
1,0.9998845,1
1,0.84615165,1
0,3.6191411e-06,0
1,0.99999523,1
0,0.00028344608,0
1,0.7370149,1
0,3.1761497e-06,0
0,0.002062294,0
1,0.021947155,0
0,5.4996945e-05,0
1,0.999574,1
1,0.9875744,1
1,0.9997873,1
1,0.32396677,1
1,0.9999782,1
1,0.084060915,0
0,1.4504598e-05,0
1,0.0039591645,0
1,0.99999285,1
0,0.00031082853,0
1,0.7130823,1
0,0.13952473,0
0,8.960181e-05,0
0,0.85588986,1
1,0.9999757,1
1,0.98180133,1
0,0.0009453015,0
1,0.9999945,1
0,0.9441338,1
1,0.99985397,1
1,0.999941,1
0,0.44771248,1
0,0.1238588,0
1,0.73954296,1
0,0.00013094736,0
1,0.9994892,1
1,0.97066396,1
1,0.99905807,1
1,0.9999982,1
0,0.4819694,1
0,0.0018804382,0
0,2.4672286e-06,0
0,3.357079e-05,0
0,3.580895e-06,0
1,0.9992224,1
0,0.015984228,0
1,0.57957745,1
1,0.17435648,0
1,0.9999063,1
1,0.9999975,1
0,0.03900449,0
1,0.9049843,1
1,0.882274,1
1,0.9899775,1
0,0.13176706,0
0,4.150517e-05,0
0,0.0019715314,0
0,0.00011578203,0
1,0.9814454,1
0,0.0061266217,0
0,9.361118e-05,0
0,0.00065786927,0
1,0.9979165,1
1,0.9999012,1
1,0.9998776,1
1,0.9973786,1
1,0.9986092,1
0,0.34625795,1
0,0.08621802,0
1,0.99977,1
0,0.0014432549,0
1,0.9999294,1
1,0.999742,1
0,0.0010941348,0
0,3.2430522e-05,0
1,0.0029547387,0
1,0.9999517,1
0,0.009017624,0
1,0.99996066,1
0,9.343155e-06,0
1,0.99999094,1
1,0.9999987,1
0,7.6999044e-05,0
1,0.99996567,1
0,0.00010258098,0
0,0.00030950966,0
1,0.999998,1
0,3.8501315e-05,0
1,0.98993075,1
1,0.999835,1
0,7.897091e-05,0
0,0.60122365,1
1,0.99942553,1
1,0.9926327,1
0,0.001985595,0
0,0.005583909,0
0,0.0010458869,0
1,0.99995315,1
0,3.4268196e-05,0
0,0.00015675618,0
0,0.00014199885,0
0,0.28947464,1
0,4.3499986e-05,0
1,0.99956626,1
0,1.2692997e-05,0
0,1.2179207e-06,0
1,0.99567765,1
0,0.009569179,0
0,0.018770562,0
0,0.0066584707,0
1,0.007593656,0
0,4.2772075e-07,0
0,0.5999193,1
0,0.0058178054,0
0,0.00021309285,0
0,0.00074728415,0
0,0.003751953,0
0,0.0040309904,0
1,0.9749938,1
0,0.00016018617,0
1,0.99997365,1
0,0.0001437984,0
0,0.0014912197,0
0,0.06989944,0
0,0.0008444529,0
1,0.9997429,1
0,0.07652873,0
1,0.9737984,1
0,0.00083549705,0
1,0.9979645,1
0,5.3523163e-06,0
0,0.0023754656,0
0,0.3247819,1
1,0.952576,1
1,0.99944156,1
1,0.9999864,1
1,0.06232937,0
0,0.0072659864,0
0,4.211468e-06,0
0,0.060295604,0
1,0.9582207,1
1,0.9553825,1
1,0.9999949,1
1,0.9999865,1
0,0.00037529902,0
0,6.562409e-05,0
0,0.0015953388,0
1,0.9838666,1
0,0.0015342787,0
0,0.0008791978,0
0,0.0048259394,0
1,0.9998853,1
1,0.16072789,0
0,9.455289e-06,0
1,0.99343395,1
1,0.999175,1
1,0.90636855,1
0,0.0022642307,0
0,0.00034826176,0
0,1.520433e-05,0
1,0.6841613,1
0,0.99870384,1
0,0.3382172,1
1,0.9999988,1
1,0.9899548,1
0,0.00010857599,0
0,2.1998108e-05,0
1,0.9997539,1
0,6.2118466e-05,0
1,0.99977416,1
1,0.96458155,1
1,0.7946039,1
0,8.610988e-05,0
0,3.178545e-05,0
0,0.00022423906,0
0,0.8017764,1
0,0.001586335,0
1,0.99420303,1
1,0.9988036,1
1,0.9999981,1
0,0.00028136262,0
0,8.71014e-05,0
0,3.7024995e-05,0
0,0.9045321,1
0,4.0642367e-06,0
0,0.0031346555,0
1,0.9933298,1
0,0.00547549,0
0,0.00013870846,0
1,0.5984734,1
1,0.9999542,1
1,0.9999578,1
0,0.005291602,0
1,0.9999572,1
0,0.8417133,1
0,0.00015965734,0
0,5.2202264e-05,0
0,0.0002208328,0
1,0.9976441,1
1,0.0009278495,0
1,0.97186816,1
1,0.9999912,1
1,0.9999008,1
1,0.9993747,1
0,0.026440717,0
1,0.99603075,1
1,0.9990482,1
0,9.037598e-06,0
1,0.9937277,1
0,0.00011251559,0
0,0.0052437116,0
1,0.68716353,1
1,0.9876623,1
0,9.643233e-05,0
1,0.99999416,1
1,0.9981402,1
0,7.377754e-05,0
1,0.017219901,0
0,4.340356e-05,0
0,0.004692235,0
1,0.9999832,1
0,0.45957512,1
0,0.040344965,0
1,0.9821768,1
0,0.00048099202,0
1,0.99949205,1
1,0.9999846,1
1,0.9991585,1
1,0.9680798,1
1,0.999969,1
1,0.98499507,1
0,0.0020119615,0
1,0.98745674,1
1,0.9998338,1
0,0.2053872,0
0,1.2107373e-05,0
0,0.3407672,1
1,0.99999654,1
1,0.87237537,1
1,0.99999404,1
0,0.031983834,0
0,7.22757e-05,0
1,0.99509627,1
1,0.99996006,1
1,0.9996014,1
1,0.004733612,0
0,7.427549e-05,0
1,0.4490598,1
1,0.95113075,1
1,0.9944507,1
1,0.99999416,1
0,0.00045006428,0
1,0.95308757,1
0,3.3258564e-06,0
0,0.33636284,1
1,0.99023134,1
0,0.0092041325,0
1,0.9983321,1
1,0.99999547,1
0,0.0071003265,0
1,0.9995648,1
1,0.7533339,1
1,0.999845,1
1,0.98877805,1
1,0.99981433,1
1,0.9996012,1
0,0.00046338633,0
1,0.30051473,1
0,0.0010563527,0
0,1.901078e-05,0
1,0.9999598,1
1,0.99987495,1
1,0.8183187,1
1,0.9940393,1
0,0.004054024,0
0,0.0066022226,0
0,0.023269664,0
1,0.9983956,1
0,0.0004583275,0
0,4.1117682e-06,0
1,0.22923782,0
1,0.99713254,1
1,0.97634876,1
1,0.0022926345,0
1,0.9990777,1
0,2.8389215e-05,0
0,0.001286627,0
0,4.0145665e-06,0
0,1.9213272e-05,0
0,0.00014515538,0
1,0.9903092,1
0,0.32439834,1
0,0.015753029,0
1,0.96537215,1
0,5.1151157e-05,0
0,0.99950767,1
0,0.0014458182,0
1,0.99996316,1
0,0.8371578,1
1,0.9999877,1
0,0.001888102,0
0,2.177156e-06,0
1,0.02406934,0
1,0.9999894,1
0,1.19851065e-05,0
1,0.99999905,1
1,0.99999404,1
0,0.0001261851,0
1,0.9987047,1
1,0.99983275,1
1,0.61595213,1
1,0.9968401,1
0,0.00064829725,0
0,0.00029417415,0
1,0.99999666,1
0,7.239311e-05,0
1,0.039540734,0
1,0.8714144,1
0,0.033771344,0
0,0.007923239,0
0,0.00024054149,0
0,0.016144896,0
1,0.99998987,1
0,0.0005498724,0
1,0.99999857,1
0,0.9881579,1
1,0.99996305,1
0,0.000623731,0
1,0.99994266,1
0,0.000192532,0
1,0.9999987,1
1,0.99956816,1
1,0.9999938,1
0,5.122965e-05,0
0,0.00028083762,0
1,0.9999733,1
1,0.99999714,1
1,0.4913293,1
0,3.6480207e-05,0
0,0.96697,1
1,0.99999774,1
1,0.9997009,1
1,0.99385965,1
0,0.20114854,0
0,2.3351491e-05,0
0,0.0016492262,0
0,0.00020237765,0
1,0.9999796,1
0,0.0032051909,0
0,0.00026483182,0
1,0.99709153,1
1,0.97558415,1
0,0.1265153,0
1,0.9999523,1
0,1.6466785e-05,0
1,0.0002712782,0
1,0.99387133,1
0,0.35250938,1
0,0.6147659,1
0,1.8410468e-05,0
1,0.9651317,1
1,0.99987006,1
1,0.948859,1
1,0.82684845,1
1,0.9995426,1
1,0.99516135,1
1,0.86608005,1
1,0.9994221,1
1,0.81683654,1
0,0.00017264826,0
0,0.95881355,1
1,0.9973304,1
1,0.98780465,1
0,0.00016468311,0
1,0.98684245,1
0,2.3745943e-05,0
0,0.0012669675,0
1,0.9995547,1
0,0.027856208,0
1,0.9998696,1
0,3.9388783e-06,0
0,0.0008142723,0
1,0.9999465,1
0,0.956897,1
1,0.9993419,1
0,5.3024592e-05,0
0,2.5917357e-06,0
1,0.9849224,1
0,1.2931213e-05,0
1,0.24207562,0
0,2.698793e-05,0
0,3.3114633e-05,0
0,1.9257152e-05,0
1,0.99935323,1
1,0.19256264,0
1,0.29546466,1
1,0.24020411,0
0,9.2773706e-05,0
1,0.9999951,1
0,0.7429092,1
1,0.028931707,0
0,0.98931295,1
1,0.9456125,1
0,0.00016468421,0
0,1.1794458e-05,0
1,0.9991697,1
0,8.483741e-05,0
0,6.998486e-05,0
0,0.15222172,0
0,0.0010638377,0
1,0.99996054,1
0,0.00013246684,0
1,0.9923739,1
1,0.07939291,0
0,0.32374611,1
0,0.00027355834,0
0,0.0003732814,0
1,0.9995883,1
1,0.98147386,1
0,2.4071212e-06,0
0,0.0013138565,0
1,0.9992287,1
0,1.6022716e-06,0
0,0.038927205,0
1,0.9842,1
1,0.947042,1
0,0.00065989065,0
1,0.9999449,1
0,8.285507e-06,0
0,0.010855747,0
1,0.5000147,1
1,0.9982584,1
0,0.016362945,0
1,0.9999833,1
0,0.0012799205,0
1,0.92293316,1
0,3.6615893e-05,0
0,0.118967555,0
1,0.99998605,1
1,0.9991673,1
1,0.99997747,1
0,0.00023700648,0
1,0.9926529,1
1,0.99997985,1
1,0.3430748,1
0,0.22450806,0
1,0.9995467,1
0,9.579535e-06,0
0,0.820159,1
0,0.011076667,0
1,0.21797511,0
1,0.7942938,1
0,5.7277402e-06,0
0,0.0031490836,0
1,0.60135746,1
0,4.549575e-06,0
1,0.6242237,1
0,0.00026355853,0
1,0.9999869,1
1,0.9988016,1
1,0.9999944,1
0,1.23404e-06,0
1,0.90261495,1
1,0.679223,1
1,0.9999995,1
0,0.0078118816,0
0,0.001618559,0
1,0.999889,1
1,0.9957936,1
0,0.17126182,0
1,0.753691,1
0,6.6285356e-05,0
1,0.9999833,1
1,0.99723816,1
0,2.336206e-06,0
1,0.99999714,1
0,2.2663531e-05,0
0,0.22220866,0
0,0.014827859,0
0,6.935457e-07,0
1,0.9999808,1
0,0.00020563729,0
1,0.9995382,1
0,9.064019e-06,0
0,1.4744466e-05,0
1,0.9991442,1
1,0.0006995191,0
1,0.9999925,1
0,0.0007447965,0
1,0.8691816,1
0,1.14551685e-05,0
0,6.511075e-06,0
1,0.99998903,1
1,0.002943438,0
1,0.9999695,1
1,0.9997782,1
1,0.9999881,1
1,0.9998977,1
0,0.00011889268,0
0,9.2719426e-07,0
0,0.018358115,0
0,2.4571536e-05,0
0,0.0002924421,0
0,0.0064072176,0
0,0.0016838834,0
1,0.9983333,1
0,0.00037189742,0
1,0.99999106,1
1,0.9999945,1
1,0.9999795,1
1,0.91852444,1
0,0.004645476,0
0,0.00016802321,0
1,0.975904,1
1,0.7728299,1
1,0.99997604,1
1,0.29257342,1
0,0.8833957,1
1,0.9999821,1
1,0.9999943,1
0,4.119566e-05,0
0,2.9408247e-05,0
1,0.32805222,1
0,0.00020239309,0
0,0.0018990999,0
0,0.7871258,1
1,0.083934605,0
1,0.99966764,1
1,0.9993807,1
1,0.99999666,1
0,1.1971935e-05,0
0,2.9903372e-06,0
1,0.51687276,1
1,0.108853444,0
0,0.0051605897,0
0,0.039217036,0
0,0.027973622,0
0,0.00016054489,0
0,0.0016781028,0
1,0.9999982,1
1,0.26316094,0
1,0.9999957,1
0,0.06610991,0
1,0.9999691,1
1,0.23937856,0
0,0.0063407086,0
1,0.8568523,1
0,0.0061823786,0
1,0.99991906,1
1,0.99998283,1
0,0.082816534,0
0,0.0026255145,0
1,0.08463697,0
1,0.98045945,1
1,0.918325,1
0,2.6970305e-05,0
1,0.9891282,1
1,0.6171509,1
0,0.10070556,0
1,0.9999591,1
0,0.00017758114,0
1,0.9999471,1
1,0.9999777,1
1,0.3224304,1
0,2.7324313e-07,0
0,0.0003750503,0
1,0.9719249,1
0,0.0026708497,0
1,0.99985397,1
1,0.99980885,1
0,0.00023908907,0
1,0.9997775,1
0,0.00016968769,0
1,0.45703453,1
1,0.9999747,1
1,0.31931663,1
0,4.660355e-05,0
0,0.00012295975,0
1,0.9999876,1
0,0.21505535,0
1,0.99994063,1
1,0.9996636,1
0,6.8445515e-05,0
1,0.9999838,1
0,1.1076919e-05,0
1,0.9986212,1
1,0.999992,1
0,7.848545e-06,0
1,0.9894405,1
0,3.7540056e-05,0
0,2.4769468e-05,0
0,1.250796e-06,0
0,0.0002438698,0
0,0.05046549,0
1,0.99864966,1
0,0.0017248549,0
1,0.9999062,1
0,0.18936002,0
1,0.9998115,1
1,0.995992,1
0,0.00025301424,0
0,0.00097185984,0
0,0.022945423,0
0,1.4221685e-05,0
0,1.2593452e-05,0
1,0.0014607544,0
0,0.0036931182,0
0,0.0021568132,0
0,9.870093e-06,0
1,0.9983285,1
0,0.00013126666,0
1,0.99887115,1
1,0.9992563,1
0,0.00049761747,0
0,6.916144e-07,0
0,3.984324e-05,0
1,0.0008984948,0
0,2.2086984e-05,0
1,0.9999918,1
0,0.025373273,0
1,0.9998331,1
0,0.0038458253,0
1,0.9999442,1
0,8.087394e-06,0
1,0.99984574,1
1,0.9999311,1
0,0.6835442,1
0,3.839026e-05,0
0,7.3566946e-07,0
0,3.128365e-07,0
1,0.9514314,1
0,3.9820566e-06,0
0,5.4130604e-05,0
0,0.6647777,1
0,0.00030887531,0
1,0.9986767,1
0,0.00036699692,0
0,0.8895701,1
0,0.008413873,0
0,2.0243602e-05,0
1,0.9998666,1
0,0.9824614,1
1,0.8147735,1
0,0.0007836953,0
1,0.9995796,1
0,6.6539087e-06,0
0,0.00096722966,0
0,1.12395455e-05,0
0,0.52489424,1
0,1.0666143e-05,0
1,0.9986745,1
0,0.31358814,1
1,0.999713,1
1,0.9999732,1
1,0.9945023,1
1,0.9999962,1
0,0.01472184,0
1,0.9999646,1
1,0.09322949,0
0,0.48786458,1
1,0.9999989,1
1,0.9999956,1
0,6.954413e-07,0
1,0.9946673,1
0,0.99187684,1
0,0.00020658471,0
0,1.1345243e-05,0
0,4.0037853e-07,0
1,0.9985464,1
0,0.0022688564,0
0,0.0035895223,0
1,0.78872186,1
0,0.06795416,0
1,0.9369545,1
1,0.9999732,1
1,0.99712497,1
1,0.99998975,1
1,0.9999083,1
1,0.900369,1
0,0.99782526,1
0,0.006848401,0
1,0.9953441,1
1,0.99989855,1
1,0.99999917,1
1,0.8105373,1
0,0.0005553664,0
1,0.99985385,1
1,0.69189477,1
1,0.994441,1
0,9.443015e-06,0
0,0.040520128,0
1,0.9998011,1
1,0.99993837,1
1,0.9999628,1
0,0.0015675365,0
0,0.00082745997,0
1,0.9999317,1
0,0.8427848,1
0,0.0005394431,0
1,0.9999964,1
0,2.2483822e-05,0
1,0.99993944,1
1,0.9980964,1
1,0.9520447,1
0,7.229587e-06,0
0,1.23221e-05,0
0,0.0006649557,0
0,0.9852577,1
0,0.0016295097,0
0,0.9808208,1
1,0.8691963,1
1,0.70744675,1
1,0.99999166,1
1,0.9923374,1
1,0.99459827,1
0,0.00013921954,0
0,0.14539695,0
1,0.99999285,1
1,0.99993324,1
0,3.8995244e-05,0
0,0.0002545638,0
1,0.99897707,1
1,0.8497313,1
1,0.02243593,0
0,9.895626e-05,0
1,0.9999628,1
0,0.007785533,0
0,0.06797237,0
0,0.0065889386,0
1,0.99902225,1
1,0.99984944,1
1,0.9999039,1
1,0.9878323,1
0,8.145343e-05,0
0,0.7881249,1
0,0.0059448862,0
1,0.999861,1
1,0.087763734,0
0,0.014478445,0
0,0.99974114,1
1,0.9985416,1
1,0.4647589,1
1,0.99966073,1
0,8.559494e-06,0
0,2.630975e-05,0
1,0.9999683,1
1,0.9996656,1
0,0.0023074127,0
1,0.92643994,1
0,0.0005309319,0
1,0.9993247,1
1,0.99980813,1
1,0.99998665,1
0,0.0018161392,0
0,7.989203e-06,0
0,0.00045926866,0
0,1.3550273e-05,0
1,0.999998,1
0,0.00060016307,0
0,0.00065795396,0
0,3.64117e-05,0
1,0.99996376,1
1,0.2770672,1
1,0.115943365,0
0,3.5154949e-06,0
0,0.0055538737,0
0,8.942101e-06,0
1,0.02791551,0
1,0.9998976,1
0,0.090062074,0
1,0.9999306,1
0,9.892934e-07,0
0,9.115797e-06,0
0,8.726707e-06,0
1,0.98887944,1
1,0.99999917,1
1,0.999979,1
0,7.786532e-05,0
1,0.96399707,1
1,0.93351907,1
0,2.5260496e-07,0
1,0.9999932,1
0,0.11283142,0
1,0.9485649,1
0,2.8962988e-05,0
0,0.0012176632,0
0,0.00023713439,0
0,0.0008944741,0
0,7.9556355e-07,0
1,0.76504356,1
0,2.6817133e-07,0
0,5.0167208e-05,0
1,0.99994445,1
1,0.99998784,1
0,0.0012609769,0
1,0.9999269,1
0,0.8763494,1
1,0.9998802,1
0,1.3500576e-05,0
1,0.9999933,1
0,4.871421e-05,0
1,0.019881653,0
0,8.7569094e-07,0
0,1.7529252e-05,0
0,0.077307925,0
0,0.9348785,1
1,0.9946971,1
1,0.00788777,0
0,0.90168613,1
0,0.053563748,0
0,0.88975185,1
0,0.16506268,0
0,0.18290883,0
1,0.99974734,1
0,0.98682404,1
0,3.321502e-05,0
1,0.9999808,1
1,0.9999392,1
1,0.4434485,1
0,0.00024737578,0
1,0.9996032,1
0,0.0033244875,0
0,0.0028697145,0
1,0.9528934,1
1,0.99963975,1
1,0.9999875,1
0,0.00044843805,0
1,0.99996185,1
1,0.997056,1
1,0.10585275,0
1,0.8919455,1
1,0.99977046,1
1,0.9958639,1
1,0.75539166,1
0,0.78875685,1
0,0.00010198749,0
0,8.351985e-05,0
0,5.7814887e-06,0
1,0.9997801,1
1,0.99995744,1
1,0.9999976,1
1,0.99958044,1
0,0.00049878523,0
0,0.9848075,1
1,0.9998447,1
1,0.9999939,1
0,0.5900972,1
1,0.9997998,1
0,0.9232542,1
0,0.00032699457,0
1,0.9999957,1
0,6.9287007e-06,0
1,0.99700826,1
1,0.9997751,1
1,0.3399399,1
1,0.9975732,1
0,3.8988663e-05,0
1,0.41370994,1
0,0.9997509,1
0,7.770761e-05,0
1,0.9999974,1
1,0.4080703,1
1,0.21623075,0
1,0.99995613,1
0,6.582434e-05,0
0,0.004311905,0
0,0.00039438065,0
1,0.6291197,1
0,0.00053769443,0
1,0.9023288,1
1,0.0658644,0
1,0.99997246,1
0,0.04715952,0
0,0.0039913133,0
1,0.47951892,1
1,0.9994248,1
0,0.94396156,1
0,3.2486182e-06,0
1,0.9999473,1
1,0.999966,1
1,0.99980384,1
0,0.027975924,0
1,0.9876473,1
0,0.7364697,1
1,0.9925504,1
1,0.9999727,1
0,0.0009644194,0
1,0.9999831,1
0,1.4727574e-05,0
0,1.3727444e-06,0
0,0.0002139726,0
0,0.7989846,1
0,0.00011038359,0
0,1.162285e-05,0
0,1.0681285e-06,0
0,0.0001753171,0
1,0.9999989,1
0,0.893664,1
0,6.2994477e-06,0
1,0.99999607,1
1,0.9821608,1
1,0.99998665,1
1,0.99999547,1
1,0.99991703,1
1,0.9995177,1
0,0.641179,1
1,0.9999335,1
1,0.9999665,1
1,0.76663214,1
1,0.038819652,0
1,0.9704517,1
0,0.98403704,1
1,0.9999685,1
0,0.00019297954,0
1,0.9698074,1
0,2.4733774e-06,0
1,0.00604727,0
1,0.9998611,1
1,0.99954444,1
1,0.99961746,1
1,0.96853995,1
0,1.7540639e-05,0
1,0.92992014,1
0,0.9997471,1
1,0.99999654,1
0,3.7081743e-05,0
0,1.2173551e-05,0
0,4.0777984e-05,0
0,6.831027e-05,0
0,3.1276836e-06,0
1,0.99998105,1
0,6.152817e-06,0
0,0.1563448,0
1,0.9995809,1
1,7.45883e-05,0
0,0.019582298,0
0,0.001428073,0
0,0.00083729735,0
0,0.039566603,0
1,0.9086723,1
1,0.99428976,1
0,0.00018377388,0
0,0.0121502895,0
1,0.9982303,1
1,0.997863,1
1,0.9999968,1
1,0.18002404,0
1,0.99997735,1
1,0.9999497,1
1,0.025389824,0
0,7.4004242e-06,0
1,0.9998703,1
1,0.94879204,1
0,9.568843e-06,0
0,0.10021705,0
0,0.9484007,1
0,5.8061643e-05,0
1,0.99990106,1
1,0.99981254,1
1,0.9655568,1
1,0.020646485,0
1,0.9999635,1
1,0.9998658,1
0,2.870204e-06,0
1,0.99987507,1
0,0.0004390497,0
1,0.99999154,1
0,6.4811746e-07,0
1,0.98915523,1
1,0.0006820744,0
0,0.0052026454,0
1,0.99758184,1
1,0.9996774,1
1,0.9987676,1
0,0.84142464,1
0,0.00039509204,0
1,0.99970216,1
1,0.99968195,1
1,0.9998217,1
1,0.585406,1
1,0.9979097,1
1,0.027114328,0
0,0.3950042,1
0,0.00012472304,0
1,0.9975169,1
1,0.99999595,1
1,0.9931058,1
0,0.00174622,0
1,0.99998546,1
0,0.33782342,1
1,0.999946,1
1,0.9999989,1
1,0.9998852,1
1,0.9999896,1
1,0.47439536,1
0,0.7441242,1
1,0.9844195,1
1,0.9803718,1
0,5.9702772e-05,0
1,0.95546126,1
0,0.010876483,0
1,0.9960108,1
1,0.98848253,1
0,0.00014595258,0
0,6.8537356e-06,0
0,0.00019513477,0
0,0.060289524,0
0,0.0027641368,0
0,0.0037300363,0
1,0.99973565,1
0,0.0016762089,0
0,0.10990187,0
1,0.9973756,1
0,0.0004209857,0
1,0.9999751,1
0,0.00019399163,0
0,9.028923e-06,0
1,0.99998033,1
1,0.92168105,1
1,0.99999666,1
1,0.9947503,1
0,0.00050290156,0
1,0.99997985,1
1,0.9999583,1
0,6.386541e-06,0
0,2.2730283e-06,0
1,0.91089076,1
0,0.052911922,0
1,0.9999821,1
1,0.9999893,1
1,0.9988612,1
1,0.99768865,1
0,0.093125656,0
0,6.376094e-05,0
0,4.215879e-05,0
0,0.0021014272,0
0,0.0002040346,0
1,0.9999269,1
0,0.20137393,0
1,0.9999696,1
0,0.010877612,0
1,0.0071494197,0
1,0.72223204,1
0,0.0005572288,0
0,3.2545236e-07,0
1,0.9999602,1
1,0.99988544,1
1,0.9910891,1
0,0.0012307252,0
0,1.0127314e-06,0
0,0.9546322,1
0,6.4687597e-06,0
0,1.4166062e-06,0
1,0.9830015,1
1,0.9999839,1
0,5.3319596e-05,0
0,9.817895e-06,0
0,0.0056660813,0
0,3.3255328e-06,0
0,4.0534618e-05,0
0,0.41118136,1
1,0.5389456,1
0,0.44461188,1
1,0.4248268,1
1,0.9878116,1
1,0.44478709,1
1,0.9999765,1
0,0.0072471756,0
1,0.9184832,1
0,0.69631034,1
0,5.1633115e-06,0
1,0.99613094,1
0,0.42808035,1
1,0.9999831,1
1,0.9992337,1
1,0.9996686,1
0,0.0002056322,0
0,0.2310364,0
0,0.00045690677,0
0,0.14569223,0
1,0.9996006,1
1,0.9897105,1
0,0.00016356946,0
0,0.0001506362,0
0,0.00017866354,0
0,0.000111192705,0
0,1.2635315e-05,0
1,0.99994767,1
0,0.00058828015,0
1,0.36967647,1
1,0.9994892,1
1,0.9999918,1
0,0.00061640906,0
1,0.9999316,1
1,0.0007318035,0
1,0.0021005694,0
1,0.9997936,1
0,5.093202e-05,0
1,0.9997601,1
1,0.99990225,1
1,0.99977416,1
1,0.99999046,1
1,0.9697734,1
1,0.9981786,1
0,0.0088096475,0
1,0.85213476,1
0,8.156162e-05,0
0,0.23359433,0
0,4.0489067e-07,0
0,2.2596136e-05,0
0,3.7838884e-06,0
1,0.88915193,1
0,1.7926814e-06,0
0,0.0004476942,0
0,9.053125e-06,0
1,0.99996376,1
0,0.00012968795,0
0,0.00017332022,0
1,0.9953454,1
0,0.016841566,0
0,4.5825554e-06,0
1,0.99074554,1
1,0.99997187,1
1,0.99622065,1
1,0.9990134,1
1,0.97764367,1
1,0.9999764,1
0,0.001436291,0
0,0.48399383,1
0,4.210424e-06,0
0,0.0003961488,0
1,0.9999937,1
1,0.019572487,0
0,0.18995538,0
0,0.00018595978,0
0,0.0015741527,0
1,0.21055824,0
1,0.9999912,1
1,0.3894952,1
1,0.99999917,1
1,0.99998903,1
0,1.4156044e-05,0
1,0.9849895,1
0,1.6697397e-06,0
1,0.9924425,1
1,0.15234554,0
0,0.5820541,1
1,0.99905306,1
0,3.9391716e-06,0
0,0.000100449855,0
0,8.091013e-05,0
1,0.99999404,1
1,0.99999917,1
1,0.057337992,0
0,6.865956e-06,0
1,0.9998497,1
1,0.16512446,0
1,0.9445589,1
0,2.0672196e-06,0
0,0.00014242288,0
1,0.99996936,1
0,1.8531837e-05,0
0,0.00010325984,0
0,0.00027130047,0
0,0.00221755,0
0,0.030841907,0
0,2.7386941e-05,0
0,0.00010112155,0
0,0.02345943,0
0,4.687824e-06,0
0,0.020999532,0
0,1.5173374e-06,0
1,0.780656,1
0,0.008799985,0
0,0.00095203484,0
1,0.91620517,1
1,0.99743193,1
1,0.99999106,1
1,0.6585638,1
0,0.03364336,0
0,5.0524508e-05,0
1,0.9325485,1
1,0.99998677,1
0,0.00023680385,0
0,0.00010285671,0
0,0.04306844,0
1,0.35740852,1
1,0.0062990263,0
1,0.9999968,1
1,0.9999999,1
0,6.7349036e-05,0
1,0.9999269,1
1,0.7134002,1
0,0.005189279,0
0,6.243871e-06,0
0,0.032155085,0
0,2.4769584e-05,0
1,0.99983025,1
0,0.6974189,1
0,0.00034840842,0
1,0.99909294,1
0,3.28712e-05,0
1,0.99995875,1
1,0.99701947,1
0,0.00011958318,0
0,0.9962018,1
0,0.005594377,0
0,0.15405752,0
0,0.00023860356,0
0,1.8991572e-05,0
1,0.99995506,1
1,0.99997675,1
0,0.84515226,1
0,0.0023223723,0
0,0.005364848,0
0,0.030613935,0
1,0.99981755,1
0,0.006783635,0
1,0.9999975,1
0,0.0056890645,0
1,0.0281505,0
1,0.99998105,1
0,0.00032556802,0
1,0.99999607,1
1,0.99989164,1
1,0.9632951,1
0,0.014396957,0
0,0.99943143,1
0,1.9923496e-06,0
0,4.789141e-05,0
0,4.808595e-05,0
1,0.9990318,1
1,0.9996611,1
1,0.9999566,1
1,0.9998677,1
1,0.9999964,1
1,0.99943405,1
1,0.9991997,1
1,0.8900683,1
1,0.9999975,1
1,0.9951243,1
0,0.15859942,0
1,0.9999945,1
1,0.23951198,0
1,0.9721904,1
1,0.9984896,1
1,0.9998085,1
0,1.8077455e-05,0
0,0.00013481344,0
0,1.8290577e-05,0
1,0.9997181,1
1,0.8802501,1
1,0.99977714,1
0,0.52339345,1
0,0.00071230915,0
1,0.9999596,1
1,0.99532,1
0,0.00061416894,0
1,0.99989843,1
0,9.1206966e-05,0
0,1.31475545e-05,0
0,0.9702279,1
0,5.0984992e-05,0
1,0.9998288,1
0,1.3963677e-05,0
0,0.0024486925,0
1,0.9993291,1
1,0.9991295,1
1,0.9987686,1
0,0.42525077,1
1,0.9867063,1
1,0.99940646,1
0,2.5894187e-05,0
0,0.007451289,0
1,0.9971641,1
0,1.6844326e-05,0
0,2.9625326e-05,0
1,0.99985886,1
0,0.06338665,0
1,0.9213332,1
0,1.0410025e-07,0
1,0.9996189,1
0,2.0967918e-06,0
1,0.9999776,1
1,0.254571,0
1,0.99921596,1
0,0.06465193,0
0,1.198489e-05,0
0,0.03675259,0
0,0.0010897482,0
1,0.99154776,1
0,0.00014956019,0
1,0.99560285,1
1,0.5961411,1
1,0.9994373,1
1,0.7990618,1
0,0.14570962,0
1,0.99720603,1
0,0.0004409014,0
0,1.534468e-05,0
1,0.9999738,1
1,0.07031306,0
0,0.03678951,0
0,0.04421917,0
1,0.9931666,1
0,0.0003503175,0
0,1.9526426e-05,0
1,0.7400261,1
0,0.0011321079,0
1,0.9999951,1
1,0.9998325,1
0,7.0298694e-05,0
0,0.0063352007,0
1,0.99732697,1
1,0.96171874,1
1,0.9999174,1
0,0.04215391,0
1,0.91185874,1
0,0.00851732,0
1,0.99999094,1
0,0.042521894,0
0,0.3198545,1
1,0.99971455,1
0,0.0016616889,0
0,0.0010941264,0
1,0.9999459,1
1,0.9999912,1
0,0.025868176,0
1,0.19754298,0
1,0.6087983,1
0,0.23455106,0
0,0.99814427,1
1,0.8296748,1
0,0.8041449,1
0,4.05411e-06,0
1,0.99938023,1
1,0.99890316,1
1,0.99991035,1
0,0.9859374,1
1,0.9999962,1
0,0.043131914,0
0,0.009706455,0
0,9.519247e-06,0
0,0.00028728595,0
0,7.454044e-05,0
0,0.0002840041,0
0,1.3345048e-05,0
1,0.08105467,0
1,0.9994685,1
0,0.8297796,1
1,0.9999542,1
1,0.99999607,1
1,0.6437421,1
0,9.174238e-05,0
1,0.9999517,1
0,0.0098795155,0
0,0.5949831,1
0,0.0010558637,0
0,0.0005660251,0
0,0.011411472,0
0,0.049284022,0
0,0.0004012218,0
1,0.91960406,1
1,0.999613,1
1,0.99052304,1
1,0.9999907,1
1,0.9996959,1
1,0.9999337,1
1,0.99974495,1
0,4.3692104e-05,0
1,0.9999815,1
0,0.0008841458,0
0,3.065031e-06,0
0,7.333774e-05,0
0,2.6837222e-05,0
1,0.99557626,1
0,9.878044e-05,0
0,0.006556803,0
1,0.8789684,1
0,4.2866795e-05,0
0,0.98244274,1
0,5.151134e-06,0
0,3.494182e-05,0
1,0.8483598,1
0,0.0035906245,0
0,0.0024987406,0
0,0.97419,1
1,0.98768604,1
1,0.94444937,1
0,0.06516127,0
1,0.5762176,1
1,0.771608,1
1,0.99934405,1
1,0.99901736,1
0,1.8576537e-07,0
0,1.8847976e-06,0
0,0.995826,1
1,0.9998783,1
0,0.0014140886,0
0,0.825923,1
0,2.2184616e-07,0
0,0.00027897302,0
1,0.9918699,1
0,0.7047045,1
0,2.164096e-05,0
1,0.6332477,1
1,0.99999714,1
1,0.2528793,0
1,0.99998903,1
0,1.9604735e-05,0
0,0.0015780681,0
0,2.2128884e-06,0
0,0.8219994,1
1,0.007917229,0
0,0.99582124,1
1,0.9999994,1
1,0.9979545,1
1,0.99993944,1
1,0.999995,1
1,0.9982267,1
0,2.0147852e-06,0
1,0.99999976,1
0,1.3629434e-05,0
1,0.99999046,1
1,0.99999094,1
0,0.89235413,1
0,0.0024259847,0
1,0.99965644,1
0,0.0010288905,0
0,1.8915565e-05,0
1,0.99823844,1
1,0.58537006,1
0,0.886134,1
1,0.99999607,1
1,0.9922833,1
1,0.99408156,1
1,0.97512645,1
1,0.74861366,1
1,0.99322504,1
0,0.19397573,0
1,0.9730556,1
1,0.99964774,1
1,0.40584514,1
1,0.99880576,1
0,0.0028129674,0
1,0.9999696,1
0,0.56747204,1
0,9.065903e-06,0
0,0.9219878,1
0,0.0010900305,0
0,2.2437869e-06,0
0,0.9661005,1
0,0.0006340215,0
1,0.98455966,1
1,0.99998236,1
1,0.98411524,1
1,0.9999924,1
1,0.9975872,1
1,0.99998593,1
1,0.004117845,0
1,0.26118475,0
1,0.9998536,1
0,0.0005504254,0
0,0.0028104365,0
0,2.3228142e-06,0
0,4.1881216e-05,0
0,6.071691e-05,0
0,3.9684655e-05,0
0,0.5212158,1
0,4.569393e-07,0
1,0.082442746,0
0,0.0003833934,0
1,0.06767307,0
0,0.98969674,1
1,0.9863154,1
1,0.9999335,1
1,0.99997735,1
1,0.7568591,1
0,0.0001607652,0
0,0.0023184768,0
0,0.9948537,1
1,0.9999441,1
0,0.0010350024,0
1,0.99987423,1
0,8.354218e-06,0
0,0.030266123,0
1,0.94944125,1
0,0.0022600396,0
0,0.0009730375,0
1,0.28132242,1
0,2.4077523e-05,0
0,1.1177718e-05,0
0,2.1956756e-05,0
0,0.13916458,0
0,1.1769303e-05,0
1,0.99977607,1
1,0.99984336,1
1,0.0032654013,0
0,0.0018244245,0
0,0.00016174278,0
0,6.9045655e-06,0
1,0.99999607,1
0,1.2572295e-05,0
0,0.0060755117,0
1,0.99992573,1
1,0.4756768,1
0,0.0018938035,0
0,1.6541911e-06,0
0,2.9597935e-05,0
0,0.002971414,0
0,0.0011580206,0
0,6.0800567e-06,0
1,0.9665219,1
1,0.99999166,1
1,0.9315025,1
1,0.99988496,1
1,0.0043086614,0
0,0.009739217,0
1,0.9999783,1
1,0.99999607,1
1,0.99712247,1
1,0.9985164,1
0,4.5262088e-05,0
0,4.041379e-06,0
1,0.9996805,1
1,0.9999887,1
0,0.00065152,0
0,0.0021914043,0
1,0.21476486,0
1,0.999635,1
1,0.99998343,1
0,5.923333e-05,0
1,0.9999702,1
1,0.99964035,1
0,0.0038636844,0
1,0.99999833,1
0,1.9979282e-06,0
1,0.9249664,1
1,0.9976901,1
1,0.99208415,1
0,0.007145667,0
0,0.016931461,0
0,0.90351456,1
0,0.010262145,0
1,0.00029157792,0
0,1.723709e-06,0
1,0.99998426,1
1,0.9989166,1
0,0.0005525398,0
0,0.00018796383,0
1,0.9999913,1
1,0.00045880684,0
1,0.998911,1
1,0.8876023,1
0,0.0003345132,0
0,0.0013477409,0
1,0.018570213,0
1,0.9980057,1
1,0.99997663,1
0,3.5481225e-05,0
1,0.99988866,1
1,0.9999436,1
0,0.00011041412,0
1,0.9999907,1
1,0.99999654,1
1,0.047159668,0
1,0.9999939,1
0,0.0036475896,0
0,6.672627e-07,0
0,0.38829115,1
1,0.9992293,1
1,0.9995497,1
1,0.9030307,1
1,0.99900085,1
1,0.9999896,1
0,0.00013883364,0
0,0.014576009,0
0,0.00016862381,0
1,0.9935608,1
1,0.9999615,1
0,0.03638011,0
1,0.9937087,1
1,0.46486118,1
0,0.0007182779,0
0,1.2979163e-05,0
1,0.9062136,1
1,0.99577254,1
1,0.13767514,0
1,0.9615442,1
1,0.9964042,1
0,1.0597142e-06,0
0,0.4050352,1
1,0.9993813,1
0,0.0006537797,0
0,2.4429242e-05,0
0,0.0002550283,0
1,0.9995179,1
1,0.00062004226,0
1,0.9999783,1
1,0.9959442,1
0,1.8104818e-05,0
1,0.014181788,0
0,0.0047119022,0
1,0.048091315,0
1,0.96594375,1
0,7.569897e-05,0
1,0.9999932,1
0,0.00032182966,0
0,0.00033118483,0
0,7.8948165e-07,0
0,2.2358716e-05,0
1,0.9907216,1
1,0.9998394,1
0,1.2386678e-06,0
0,0.016690683,0
1,0.01822322,0
1,0.99812824,1
0,2.0585814e-05,0
1,0.99967515,1
1,0.99998355,1
1,0.97540027,1
1,0.99997425,1
1,0.9966239,1
0,0.0089592505,0
1,0.9995859,1
1,0.7538061,1
0,0.089153394,0
0,8.579639e-06,0
0,9.961521e-05,0
0,0.76301247,1
0,0.81297123,1
1,0.9959066,1
0,0.0006743994,0
1,0.99989605,1
1,0.104333915,0
1,0.9999887,1
1,0.99998367,1
1,0.39794323,1
1,0.997471,1
0,8.890034e-05,0
0,0.00030864365,0
0,0.00061676523,0
0,1.4630784e-05,0
0,0.2055008,0
1,0.9996637,1
1,0.99998975,1
1,0.99997556,1
1,0.9957632,1
0,0.00012537648,0
0,2.8820237e-05,0
0,0.00045714725,0
0,0.0012648966,0
0,0.0003724821,0
1,0.9992993,1
0,2.4085537e-05,0
0,0.032081872,0
1,0.72166437,1
1,0.9999982,1
0,9.6376265e-05,0
0,7.415493e-06,0
0,0.9995047,1
1,0.99999666,1
1,0.012972517,0
0,0.008713068,0
0,0.005530778,0
0,1.6600508e-05,0
0,0.534485,1
0,0.08150012,0
0,0.0008026544,0
0,0.015597537,0
0,0.00013393075,0
1,0.9999989,1
1,0.9999144,1
1,0.99690765,1
1,0.56152046,1
0,0.011735201,0
0,0.32067254,1
1,0.9128563,1
0,0.0011996747,0
0,0.64673,1
1,0.9999312,1
1,0.9998068,1
