model,slice_type,slice,n,macro_f1,error_rate
baseline_mean_embedding,length_slice,long,1457,0.8967606315764611,0.09883321894303365
baseline_mean_embedding,length_slice,short,1622,0.8844470679232226,0.11220715166461159
baseline_mean_embedding,length_slice,medium,1921,0.8868417502275479,0.1129619989588756
baseline_mean_embedding,negation_slice,True,2956,0.8764897740149684,0.11231393775372123
baseline_mean_embedding,negation_slice,False,2044,0.8789110065359036,0.10322896281800387
baseline_mean_embedding,punctuation_slice,low_punctuation,3896,0.8825869524718621,0.117299794661191
baseline_mean_embedding,punctuation_slice,high_punctuation,1104,0.9220850840336134,0.0778985507246377
experimental_cnn,length_slice,long,1457,0.9048343699428727,0.09196980096087848
experimental_cnn,length_slice,short,1622,0.8999867646059643,0.09679408138101109
experimental_cnn,length_slice,medium,1921,0.9052519013467692,0.09474232170744401
experimental_cnn,negation_slice,True,2956,0.8964939033411781,0.09607577807848444
experimental_cnn,negation_slice,False,2044,0.8907580871156154,0.09246575342465757
experimental_cnn,punctuation_slice,low_punctuation,3896,0.8955234117805577,0.10446611909650927
experimental_cnn,punctuation_slice,high_punctuation,1104,0.9401041666666667,0.05978260869565222
experimental_bigru,length_slice,long,1457,0.8837722829212191,0.1118737131091283
experimental_bigru,length_slice,short,1622,0.8719866249393983,0.12083847102342782
experimental_bigru,length_slice,medium,1921,0.8953447621154007,0.10463300364393546
experimental_bigru,negation_slice,True,2956,0.8734142448106249,0.11772665764546686
experimental_bigru,negation_slice,False,2044,0.8742226866364797,0.10371819960861062
experimental_bigru,punctuation_slice,low_punctuation,3896,0.8791017980996549,0.1208932238193019
experimental_bigru,punctuation_slice,high_punctuation,1104,0.9192249355688642,0.08061594202898548
