model,epoch,train_loss,val_macro_f1
baseline_mean_embedding,1,0.6554618767102559,0.785093342878061
baseline_mean_embedding,2,0.5210702118343777,0.8464996546242229
baseline_mean_embedding,3,0.38836222116152447,0.8754805438349742
baseline_mean_embedding,4,0.3097484031650755,0.8914938965316799
baseline_mean_embedding,5,0.26093935600916546,0.900999603998416
experimental_cnn,1,0.5075174791547987,0.8519976319621114
experimental_cnn,2,0.3011244617038303,0.8849627279238473
experimental_cnn,3,0.19771686233414543,0.884354257452955
experimental_cnn,4,0.13724267824490866,0.898999595998384
experimental_cnn,5,0.10752194769514932,0.9009880195503656
experimental_bigru,1,0.43126854289902583,0.8694997063743393
experimental_bigru,2,0.2512020853890313,0.8934997603744608
experimental_bigru,3,0.17283000377813976,0.9009991089919809
experimental_bigru,4,0.13463003193007575,0.8999830971434173
experimental_bigru,5,0.0745374094247818,0.8899889988998899
