sample_id,direction,index
S01,monet2photo,148
S02,monet2photo,271
S03,photo2monet,466
S04,photo2monet,664
S05,photo2monet,540
S06,photo2monet,726
S07,photo2monet,799
S08,photo2monet,561
S09,photo2monet,800
S10,photo2monet,294
S11,monet2photo,169
S12,photo2monet,242
S13,photo2monet,659
S14,monet2photo,195
S15,monet2photo,93
S16,monet2photo,233
S17,photo2monet,434
S18,monet2photo,286
S19,photo2monet,956
S20,photo2monet,848
S21,photo2monet,276
S22,photo2monet,142
S23,photo2monet,866
S24,photo2monet,635
S25,photo2monet,274
S26,photo2monet,851
S27,monet2photo,250
S28,monet2photo,65
S29,photo2monet,23
S30,monet2photo,232
