epoch,step,train_loss_running,train_loss,val_loss,gap,val_ppl,val_bpc,val_acc,lr,epoch_time_s
1,2736,1.036807111219356,0.6337063108047429,0.6369265933541486,0.003220282549405651,1.8906611701142144,0.9188908376423316,0.7972153712363139,0.0007907902574143737,228.83545064926147
2,5472,0.6248464177836451,0.5689818695948942,0.5765969405209062,0.007615070926011991,1.7799707659061719,0.8318535466812599,0.8155020832145301,0.0007468056412060022,219.1156780719757
3,8208,0.5795890366691246,0.5363266198304448,0.5479687086857148,0.01164208885526996,1.7297358494729098,0.7905517385832098,0.8246113575287979,0.0006709207776326977,220.4173240661621
4,10944,0.5536833968209592,0.5141595552002427,0.5292487541471955,0.01508919894695282,1.6976564720609706,0.7635445530048212,0.8303652575416286,0.0005710258277414574,218.73821711540222
5,13680,0.5341104384489924,0.49685098513634535,0.5147061468693461,0.01785516173300078,1.673146770136176,0.7425640056034721,0.8348562421589872,0.0004575074115419782,220.4006688594818
6,16416,0.5194611824526075,0.483232330231771,0.5015859838819852,0.018353653650214186,1.6513381907092841,0.7236356115259516,0.8388735360472742,0.00034216865476234055,218.74640345573425
7,19152,0.5047136157838225,0.47061459992053734,0.49125387351008226,0.020639273589544926,1.6343642217229188,0.7087295271304898,0.8420392335766423,0.00023700195381863223,220.46738076210022
8,21888,0.4910491455716696,0.45955556609334736,0.48249288773449667,0.02293732164114931,1.6201081199619718,0.6960900963987537,0.8446067197479471,0.00015294206128408115,218.79119181632996
9,24624,0.48057667595165515,0.45140382582253785,0.4765749318103721,0.02517110598783423,1.610548705511705,0.6875522907348197,0.8464692944157732,9.872914032772556e-05,220.4794921875
10,27360,0.4732121049442835,0.44700002887823287,0.4742034477909116,0.027203418912678745,1.6067338402279294,0.6841309625003967,0.8473530790231524,8.00000025221471e-05,218.77304315567017
