text,label,sample_id,text_hash,raw_word_count,processed_text,token_count,true_label,predicted_label,positive_probability,confidence,distance_from_threshold,category,slice,error_type,observation,testable_fix
"The BEST part about this place was this BEAUTIFUL male go-go dancer. He was probably the best looking, best dancing, dancer, I have EVER seen in my life. Too bad he was gay. Too bad for me, that is. The music sucked, until about 3 AM.. It got better after that. Damn, by then, I'm too fucking tired though! \nThey did have some cool acrobatics up above.. kinda Cirque Du Soleil-esque.. kinda cool.. WHY CAN'T ANY OF THESE GOD FORSAKEN CLUBS PLAY DECENT MUSIC?? Even consistent Top 40 would have been ok, but NOOOOOOOO... what is UP WITH THIS Rock N' Roll/Trance mixing shit?? Jebus.. It's unbearable..\nOh, they had lockers. That was cool, cuz we had like 5 jackets.. haha..\nThe dudes were pretty much all barf too. Except one, but he liked my girl.. too bad for him, cuz she had a man.. HAHA..\nOh well... I still managed to get my dance on and ROCKED it to Holla Back Girl.. HAHAHA..",0,test_10827,144b3d69dde391d84499da318ca6c6b95df3a780a233650154867dae9b4b8f62,161,best place beautiful male dancer probably best looking best dancing dancer seen life too bad gay too bad music sucked 3 got better damn m too fucking tired nthey did cool acrobatics kinda cirque du soleil esque kinda cool not god forsaken clubs play decent music consistent 40 ok but noooooooo rock n roll trance mixing shit jebus s unbearable noh lockers cool cuz like 5 jackets haha nthe dudes pretty barf too but liked girl too bad cuz man haha noh managed dance rocked holla girl hahaha,88,0,1,0.99916995,0.99916995,0.49916995,confident_false_positive,has_negation,Mixed aspects and emotional emphasis,"Excerpt: ""The music sucked"". Praise for a dancer, lockers and one song competes with strong criticism of the club's music. All 88 processed tokens fit; the positive decision misses the review's weighting of those aspects.",Compare sentence or aspect aggregation on mixed club-review validation examples.
"Plusses\n- Plenty of parking: Fran's is located in the same strip mall with Run for your Life and Fiamma, which means there's parking galore.\n- Attentive waitstaff: Fran herself came over to chat with us and brought crayons for the 2 year old at our table\n- Ecclectic homey food: bacon wrapped tator tots?  Fried sweet corn with goat cheese ranch dressing?  Meatballs with gooey melted cheese?  Don't mind if I do.\n- Generous portion size: I like to eat, as does everyone I was with, and we were stuffed after our meal.  \n- Price: reasonable, especially considering portion size.  The seafood options are a bit more expensive, but that's to be expected.\n\nMinusses\n- Odd table layout: the front room holds ~10 tables and bar seating, but as you head to the bathroom in the back, there are tables along the hallway and oddly placed near the kitchen pickup window\n- Menu confusion: Reading the menu, I just want to exclaim \""""what IS this place?\""""  Deviled eggs, nicoise salad, eggplant parmesan, buffalo fried chicken sandwich, and mussels (three ways: traditional, curry/coconut, or beer/bacon) all co-habitate on the menu.  On one hand, that might mean everyone can find something they like.  On the other hand, it's just weird.  What does Fran's want to be when it grows up?  \n- Food quality & flavors: it's not bad, but it's not amazing either.  The macaroni & cheese side was bland, the lamb ragu was not as good as it had been talked up to be, the chicken milanese was just so-so.  However, the goat cheese was incredible; the goat cheese ranch dressing is a wonderful little cup of surprise (dunk all the way to the bottom, and you'll be rewarded with chunks of soft goat cheese.  You're welcome) and the goat cheese salad that came with the chicken milanese was my favorite of the whole meal.  Moral of the story: if it has goat cheese, GET IT.",0,test_23764,61bc9b308cac87933bc661a91b3163c90882156c19e19092d3957ac2f63c6bf6,319,plusses n plenty parking fran s located strip mall run life fiamma means s parking galore n attentive waitstaff fran came chat brought crayons 2 year old table n ecclectic homey food bacon wrapped tator tots fried sweet corn goat cheese ranch dressing meatballs gooey melted cheese not mind n generous portion size like eat does stuffed meal n price reasonable especially considering portion size seafood options bit expensive but s expected n nminusses n odd table layout room holds 10 tables bar seating but head bathroom tables hallway oddly placed near kitchen pickup window n menu confusion reading menu just want exclaim place deviled eggs nicoise salad eggplant parmesan buffalo fried chicken sandwich mussels ways traditional curry coconut beer bacon habitate menu hand mean like hand s just weird does fran s want grows n food quality flavors s not bad but s not amazing macaroni cheese bland lamb ragu not good talked chicken milanese just goat cheese incredible goat cheese ranch dressing wonderful little cup surprise dunk way ll rewarded chunks soft goat cheese welcome goat cheese salad came chicken milanese favorite meal moral story goat cheese,189,0,1,0.99894756,0.99894756,0.49894756,confident_false_positive,length_long;has_negation,Pros and cons with weak food verdict,"Excerpt: ""it's not bad, but it's not amazing either"". The review lists many amenities but criticizes food quality. All 189 processed tokens fit, so the long-review slice does not imply truncation in this example.",Preserve pros-and-cons boundaries and compare sentence-level aggregation on validation reviews with mixed food and service judgments.
"Yay... for a change what I think about a particular establishment seems to be in the majority... so to keep my review \""""brief\"""", I will basically say that what all the other reviewers have written is exactly right... for what is essentially a \""""outlet\"""" store, the prices are crazy high. Selection usually tends to be less than stellar. \n\nOne thing that does keep me coming back to Nordstrom Rack is the shoes! They have a great selection of quality shoes, at reasonable prices. \n\nI much rather take my chances at Ross or Marshall's (both right down the street).",0,test_2603,ca5b23f69c9fed7caecebc1393b0bf7a72e816146abed7b5d501b7315bb223cf,98,yay change think particular establishment majority review brief basically say reviewers written exactly right essentially outlet store prices crazy high selection usually tends stellar n thing does coming nordstrom rack shoes great selection quality shoes reasonable prices n ni chances ross marshall s right street,45,0,1,0.99894446,0.99894446,0.49894446,confident_false_positive,,Positive exception within a negative comparison,"Excerpt: ""the prices are crazy high"". Shoes are praised as an exception, but prices and overall selection are criticized and competitors are preferred. The positive prediction misses that overall comparison.",Evaluate exception and competitor comparisons on validation data with sentence-aware pooling.
"Everyday Noodles has a lot going for it:  Fast, friendly service, attractive decorations, impeccably clean just renovated interior, reasonable prices and convenient location.  They only have one issue, bland, plain food.  The textures and temperatures were right, but between us, my dinner party tried about a dozen appetizers and entrees and the flavors were consistently very simple and tame.  \n\nPlenty of people don't like intense flavors, and this would be perfect for them.  When they go, they'll only spot me at Everyday Noodles if I'm walking by it, on my way to How Lee or the Raman Bar across the street for more flavorful, adventurous fair.",0,test_34683,9cdf6c5bc98337b566ef07fbdb3b551ddbf238238fec4d5055626f8b7ddfdd18,106,everyday noodles lot going fast friendly service attractive decorations impeccably clean just renovated interior reasonable prices convenient location issue bland plain food textures temperatures right but dinner party tried dozen appetizers entrees flavors consistently very simple tame n nplenty people not like intense flavors perfect ll spot everyday noodles m walking way lee raman bar street flavorful adventurous fair,59,0,1,0.99884593,0.99884593,0.49884593,confident_false_positive,has_negation,Many amenities versus a decisive food complaint,"Excerpt: ""They only have one issue, bland, plain food"". Many positive amenities precede the central food complaint and a preference for other restaurants. All 59 processed tokens fit.",Compare aspect-aware aggregation on validation cases where one important weakness determines the overall rating.
"20 years for me and sad to see them go.  Sadder still to see a great traditional Japanese sushi restaurant end, and not carry on the tradition.  We would go here for consistently great fresh fish and great service.  They have also trained many young sushi chefs through the years here in Phoenix.  Great Japanese food isn't about fancy rolls and combinations, but about great fresh ingredients.  END OF AN ERA.  I agree.",0,test_18122,d586867f96ebd8157fb9d5aeabfe61800d76f95b08fc3b3327d8f1287e2b0393,73,20 years sad sadder great traditional japanese sushi restaurant end not carry tradition consistently great fresh fish great service trained young sushi chefs years phoenix great japanese food not fancy rolls combinations but great fresh ingredients end era agree,39,0,1,0.99839395,0.99839395,0.49839395,confident_false_positive,has_negation,Closure sadness versus quality praise,"Excerpt: ""sad to see them go"". The reviewer mourns a closure while repeatedly praising the food and service. The negative supplied label may reflect sadness rather than poor business quality.",Audit closure and farewell validation reviews and separate emotional tone from evaluation of the business.
"EDIT: They really did change the service up since I last posted this.\n\nHorrible service.\n\nUsed to be my favorite pizza in the city (at a reasonable price), but I'm rethinking that. We just had an altercation with a server who refused to split a check when we were paying with cash. He then proceeded to disrespect the party at the table, telling us to 'not give him attitude about it.'\n\nSorry Bella Notte, but we're not children. I don't care if you're working hard - it doesn't give you any excuse to disrespect your paying customers like that.",1,test_22807,2ea4dcfe74aef21ee1ff7bb9d87758e1497e8c83149e226f584e580b5b49ab8c,96,edit really did change service posted n nhorrible service n nused favorite pizza city reasonable price but m rethinking just altercation server refused split check paying cash proceeded disrespect party table telling not attitude n nsorry bella notte but not children not care working hard does not excuse disrespect paying customers like,52,1,0,0.00015927476,0.99984074,0.49984074,confident_false_negative,has_negation,Updated review versus historical complaint,"Excerpt: ""They really did change the service up"". A short positive edit precedes a much longer older complaint. All 52 processed tokens fit. Each model's selected error shows difficulty separating the update from the history.",Preserve update and sentence boundaries and compare update-aware pooling on validation examples; do not assume a longer sequence alone will fix it.
"I had dinner here last weekend, and decided to order the gnocchi since I had it at Bouchon in Yountville.  I thought it was either overcooked and or dry, so sent it back for another order since it was what I came here for.  The next order wasn't much better, and the waitress and manager apologized and comped me my dinner.  Even though I didn't like my food, I still give them 3 1/2 stars for trying to make it right and apologizing.  The other thing that was annoying was that we ordered bottled water, and they took it away from the table to keep it on ice.  Well the busboy or expediter kept coming over and pouring tap water from a pitcher into our glasses.  The waitress had to keep coming over and tell the busboy not too do that.The atmosphere is pleasant and my wife liked her mussels.  I will have to go back to Yountville to see if my taste buds were correct.  They insist that it is the same recipe.",1,test_10288,da755aae1b35d3e77856da5b46be9a4d3c397a5233ae165a850965b8adc7003c,174,dinner weekend decided order gnocchi bouchon yountville thought overcooked dry sent order came order not better waitress manager apologized comped dinner did not like food 3 1 2 stars trying make right apologizing thing annoying ordered bottled water took away table ice busboy expediter kept coming pouring tap water pitcher glasses waitress coming tell busboy not too atmosphere pleasant wife liked mussels yountville taste buds correct insist recipe,68,1,0,0.000741355,0.99925864,0.49925864,confident_false_negative,length_long;has_negation,Service recovery despite food complaints,"Excerpt: ""trying to make it right and apologizing"". The reviewer rewards the staff's response despite disliking the food and water service. All 68 processed tokens fit; the model must weigh resolution against complaints.",Evaluate service-recovery validation reviews and compare sentence-level attention.
"Look, we all know Cox sucks. In fact they are a terrible business and their practices are laughable. However they are a necessary evil if you want Internet that isn't garbage that can handle streaming/gaming. The way they handle issues over the phone is worse than Comcast, and for all my east coast brothers/sisters you know what a serious accusation that is. It all started with shitty TV Service. My household went through 4 dvr boxes. 4. That all broke. All of them. 100's of hours of TV. Lost. Every. Single. Time. Their solution? Downgrade from contour. That's their genius solution. So my solution? Upgrade to Dish for TV. PROBLEM SOLVED. However they charged us $200 to disconnect claiming we were on a contract. Nope, disputed that. However to dispute it you have to literally mail a letter to corporate. In the mean time, they cut off my Internet service for pay bills AND THEN DOUBLE CHARGED ME FOR THE INTERNET. WHAT? EXCUSE ME? How does that even make sense? So, an angry phone call and 2 hours on hold, I get the Internet back on because I work from home and to refund the double charged service they have to send a check, via the mail, to a local store. Okay, cool. A week later, let's drive from San tan valley to Gilbert. Once we arrive , turns out the check wasn't mailed. In fact the person helping us via the phone wrote that checks can't be sent to the store, and put a future apology in the notes to us. Thanks Cox cock. So, if you made it this far, why do I give this store 5 stars? The Manager, Mario. That's why. The savior of my people. Stepped in. Saw the crap we went through and listened to my tale. With about 5 minutes of effort , he credited our account for $300. $200 for the bs fee , $50 for the double charge and another $50 just because he was sorry. That's customer service. That's being a great human. He's the man, and my opinion of Cox has changed. ALWAYS GO TO A COX STORE. ALWAYS! They know their stuff and actually care. They are not the call center idiots. They are true experts and will always get the job done. Thank you Mario at the Gilbert Cox Store. Thank you so much",1,test_30958,47746c4ce57e7a8c9c0811521abbd35696a1d6c8b4bf5d7d9d0f8458de9a041f,397,look know cox sucks fact terrible business practices laughable necessary evil want internet not garbage handle streaming gaming way handle issues phone worse comcast east coast brothers sisters know accusation started shitty tv service household went 4 dvr boxes 4 broke 100 s hours tv lost single time solution downgrade contour s genius solution solution upgrade dish tv problem solved charged 200 disconnect claiming contract nope disputed dispute literally mail letter corporate mean time cut internet service pay bills double charged internet excuse does make sense angry phone 2 hours hold internet work home refund double charged service send check mail local store okay cool week later let s drive san tan valley gilbert arrive turns check not mailed fact person helping phone wrote checks not sent store future apology notes thanks cox cock far store 5 stars manager mario s savior people stepped saw crap went listened tale 5 minutes effort credited account 300 200 bs fee 50 double charge 50 just sorry s customer service s great human s man opinion cox changed cox store know stuff actually care not center idiots true experts job thank mario gilbert cox store thank,193,1,0,0.00078077434,0.99921924,0.49921924,confident_false_negative,length_long;has_negation,Company complaint versus local service recovery,"Excerpt: ""why do I give this store 5 stars?"". The local manager resolves a long complaint about the wider company. There are 193 processed tokens, but truncation removes only the final 'thank'; the positive resolution remains visible.",Test entity and resolution-aware sentence pooling on validation data. Do not treat a longer limit as a sufficient fix for this case.
"This place is so much better since they changed owners.\n\nMy wife and I went when it was the old owners, it was terrible.  We waited forever and the food never came before we walked out.  People were served before us that walked in after and my wife actually got her soup before me and I sat and waited while they \""""made more\"""".\n\nIt was horrible.\n\nNow its much better.  The staff are very friendly, they treat their customers very well and I have nothing but positive things to now say about this place.  Its much better with the new owners.",1,test_30793,f9bcc8c203f58ed633c34b3d233ef36627971d8387dbcf9b9f69d5232af58b41,98,place better changed owners n nmy wife went old owners terrible waited forever food never came walked people served walked wife actually got soup sat waited n nit horrible n nnow better staff very friendly treat customers very but positive things say place better new owners,46,1,0,0.00078439724,0.9992156,0.4992156,confident_false_negative,has_negation,Past versus current experience,"Excerpt: ""Now its much better"". The old owners receive strong criticism, whereas the new owners are praised at both ends of the review. All 46 processed tokens fit; this is a temporal contrast problem.",Keep temporal markers and compare sentence-aware context aggregation on before-and-after validation reviews.
"After a major screw up by me, booking the room for the 22nd and driving up to Vegas on the 21st, it was not until I hit state line when The Jennifer mentioned today is the \""""21st\"""" until it dawned on me that we have no room and no place to stay unless I want to us to shack up with my buddy and his new found girlfriend. Not likely...I called the front desk and explained to them what had happened and they said they can't switch my date. I used my salesman skills and talked my way into the switch with terms like : I know you can really use my business, look at my account, look at my points, I have always had a great experience here, etc, etc, and walla! I got us the room but had to pay the difference; fair enough. When we checked in, we even got a corner room with dual windows!! \nOnly problem during our trip was when housekeeping took the floor mat in the bathroom, leaving the bathroom with no floor mat so when you come out of the shower; water is everywhere. So we called housekeeping and they did manage to bring one up - half hour later. It was a small issue, the room was clean and nice. It rained so we can't use the pool since they closed it because of thunderstorm. TI is always a good value and is close to everything. \nTIPS: \nIf you stay at the Hotel, you get VIP standing for the Sirens show if you want to see some of the hot chics in Fish Nets bellow out some cheesy pirate lyrics. \nAlso, the Video Black Jack and Video Roulette does not give points on the gaming card...WTF is up with that??",1,test_9871,7db348c4d660f1b052c36604b180fbe360cabc3c1be69441dc4750b748e3daa2,299,major screw booking room 22nd driving vegas 21st not hit state line jennifer mentioned today 21st dawned no room no place stay unless want shack buddy new girlfriend not likely called desk explained happened said not switch date used salesman skills talked way switch terms like know really use business look account look points great experience walla got room but pay difference fair checked got corner room dual windows nonly problem trip housekeeping took floor mat bathroom leaving bathroom no floor mat come shower water called housekeeping did manage bring half hour later small issue room clean nice rained not use pool closed thunderstorm ti good value close ntips nif stay hotel vip standing sirens want hot chics fish nets bellow cheesy pirate lyrics nalso video black jack video roulette does not points gaming card wtf,136,1,0,0.0011509965,0.998849,0.498849,confident_false_negative,length_long;has_negation,Narrative trouble with positive outcome,"Excerpt: ""TI is always a good value"". The hotel resolves the reviewer's booking mistake and receives a positive overall judgment despite several inconveniences. All 136 processed tokens fit.",Compare sentence-level summaries on validation narratives with a positive outcome after an initially negative incident.
"Now I know why this was featured on every travel site about Pittsburgh. It's what is known in the trade as \""""tourist trap.\"""" Surely Pittsburgh could have come up with a more original way to showcase its riverfront and the Clinton Furnace than importing Chicago's chains: Joe's Crab Shack, Bar Louie, Houlihan's. The only local restaurants were, unfortunately, closed during our visit, so we were forced to eat at the Hard Rock Cafe. What could we do? There was nothing around for at least a mile after we took the inclines. My children enjoyed the fountain, but I couldn't wait to leave.",0,test_16678,0e08afb3998bdbc754600d3cc4e4768612bd4097fe05a16289e6cfca149a57d4,102,know featured travel site pittsburgh s known trade tourist trap surely pittsburgh come original way showcase riverfront clinton furnace importing chicago s chains joe s crab shack bar louie houlihan s local restaurants unfortunately closed visit forced eat hard rock cafe mile took inclines children enjoyed fountain but not wait leave,51,0,1,0.500563,0.500563,0.0005630255,near_threshold,has_negation,Minor positive aspect versus negative verdict,"Excerpt: ""I couldn't wait to leave"". The children's enjoyment of a fountain is a small positive within a tourist-trap complaint. The prediction is just above the threshold despite the final negative verdict.",Test sentence-aware pooling on validation cases where the final verdict differs from one praised aspect.
"Way overpriced. Just go to Grand Lux for a cheaper, tastier, larger burger. Enough said.\n\nI would equate the burgers at I heart burgers to the quality of five guys or smashburger, except I heart burgers cost like 3-4X the amount.",0,test_28480,56d88573f2e43eeeb4278338f92323c5eeb703c9e4ba2f11684236226b44bf64,40,way overpriced just grand lux cheaper tastier larger burger said n ni equate burgers heart burgers quality guys smashburger heart burgers cost like 3 4x,25,0,1,0.5007261,0.5007261,0.0007261038,near_threshold,,Wrong comparison target,"Excerpt: ""cheaper, tastier, larger burger"". These positive adjectives describe the recommended competitor, while the reviewed business is called overpriced. The model crosses the threshold in the wrong direction.",Compare target-aware sentence representations on competitor-comparison validation reviews.
Hard to walk into a place called Juan's Flaming Fajitas without ordering the fajitas. They're the tits.,1,test_34705,916d16cd8921e49670f92d0d2d8d283e1743dfed97fc10371baddce46632d045,17,hard walk place called juan s flaming fajitas ordering fajitas tits,11,1,0,0.49916467,0.5008353,0.0008353293,near_threshold,,Positive slang,"Excerpt: ""They're the tits"". The final slang expression is praise in this context. The review is short and its positive meaning depends on recognizing that idiom.",Evaluate slang and idiom validation examples; compare character or phrase features learned only from training data.
Sandwiches are good.  They have messed up my order multiple times. They offer to bring me a new one but I opt for the free sandwich on my next order. I have a limted lunch hour and do not have the extra time for them to remake and deliver me another sandwich.,1,test_32562,fe3c09c4b1e80f41ed9732a4d4924138dbebfdbae480b5800c40185ee1e98cf6,52,sandwiches good messed order multiple times offer bring new but opt free sandwich order limted lunch hour not extra time remake deliver sandwich,23,1,0,0.49902654,0.50097346,0.00097346306,near_threshold,has_negation,Mixed service complaint and compensation,"Excerpt: ""Sandwiches are good"". Good sandwiches and free replacements coexist with repeated order mistakes and limited lunch time. The model is uncertain and lands just below 0.5.",Audit mixed service-recovery validation examples and evaluate sentence aggregation; do not tune the threshold on this test case.
"I finally had the opportunity to check out Leroy Fox on Friday night, and I was not disappointed.  Since the weather turned a little cooler, we decided to sit outdoors.  The patio has a very nice and cozy vibe and I like the decor. \n\nI had a hard time deciding between 4 and 5 stars for this review... so I will break it down individually. \n\nService: 5 stars - our server was friendly, professional, and on top of things. Way to go! \n\nAppetizer: 3 stars - we ordered the pimento cheese with grilled pita points.  The pimento cheese was a bit on the sweet side which I found a little odd... I would prefer a sharper or spicier flavor. However, the pita was on pointe! It was freshly made in house and had excellent texture & flavor.  I loved the pita but not sure I would want the pimento cheese again. \n\nFried chicken: 5 stars - I don't normally order fried chicken, but had heard good things about theirs.  I went with 1/4 North which consists of a chicken breast and wing.  This fried chicken is without doubt the best I have had in a long, long time!  When I bit into it, there was an explosion of flavor in my mouth... wow!  The crust was crispy and seasoned perfectly. The meat was tender and juicy.    They brine the chicken for 24 hours prior to cooking it and it was absolutely fabulous.  I am not sure what they put into the coating mixture, but it was yummy - I think I detected a hint of chili powder or cayenne pepper.               \n\nCornbread muffin: 1 star - I love a good home-style southern cornbread. Sadly, on my visit, the cornbread was dry and tasteless... it was about as appetizing as a piece of cardboard. I took one bite and was done. \n\nWhite pepper gravy: 3 stars - I am not normally a huge fan of gravy, but this was pretty tasty. They serve it on the side so it doesn't make anything on your plate soggy (which I appreciated). \n\nMac & Cheese: 2 stars - this was the most disappointing part of my meal and I wish I had skipped it. The mac & cheese was made out of Cavatappi (corkscrew) pasta which is ok but just not what I expected.  Also, they used a white cheese as the base. Not a problem, but I would have preferred a much stronger, sharper cheddar sauce.  Overall the cheesy sauce was just not very flavorful.  I was really expecting a more traditional southern mac & cheese like the casserole-style that my grandma used to make. \n\nWine: 3 stars - I had a sauvignon blanc for $7.50. It was ok but served at a little warmer temp than I would have preferred. \n\nBeer: 5 stars - I tasted the Cottonwood pumpkin ale and loved that it was served in a glass rimmed with cinnamon & brown sugar.  Yummy! \n\nCost:  3 stars - I think the prices are a-ok.  Overall, I think our tab came to around $50 for 2 beers, 1 glass of wine, an appetizer, and 2 entrees (before tip).",1,test_31449,53076ff2c5077b5105690783baa44b9724373f529181b5093e58b04c4c275146,526,finally opportunity check leroy fox friday night not disappointed weather turned little cooler decided sit outdoors patio very nice cozy vibe like decor n ni hard time deciding 4 5 stars review break individually n nservice 5 stars server friendly professional things way n nappetizer 3 stars ordered pimento cheese grilled pita points pimento cheese bit sweet little odd prefer sharper spicier flavor pita pointe freshly house excellent texture flavor loved pita but not sure want pimento cheese n nfried chicken 5 stars not normally order fried chicken but heard good things theirs went 1 4 north consists chicken breast wing fried chicken doubt best long long time bit explosion flavor mouth wow crust crispy seasoned perfectly meat tender juicy brine chicken 24 hours prior cooking absolutely fabulous not sure coating mixture but yummy think detected hint chili powder cayenne pepper n ncornbread muffin 1 star love good home style southern cornbread sadly visit cornbread dry tasteless appetizing piece cardboard took bite n nwhite pepper gravy 3 stars not normally huge fan gravy but pretty tasty serve does not make plate soggy appreciated n nmac cheese 2 stars disappointing meal wish skipped mac cheese cavatappi corkscrew pasta ok but just not expected used white cheese base not problem but preferred stronger sharper cheddar sauce overall cheesy sauce just not very flavorful really expecting traditional southern mac cheese like casserole style grandma used make n nwine 3 stars sauvignon blanc 7 50 ok but served little warmer temp preferred n nbeer 5 stars tasted cottonwood pumpkin ale loved served glass rimmed cinnamon brown sugar yummy n ncost 3 stars think prices ok overall think tab came 50 2 beers 1 glass wine appetizer 2 entrees tip,285,1,0,0.49883115,0.50116885,0.0011688471,near_threshold,length_long;has_negation,Mixed rated aspects and truncation,"Excerpt: ""deciding between 4 and 5 stars"". The review gives an overall positive rating but mixed item ratings. Only 192 of 285 processed tokens are retained; omitted text contains both further criticism and beer praise, so truncation is not a proven sole cause.","Compare head-plus-tail input and retention of number-word rating cues on validation data, varying one choice at a time."
"Oh Serendipity, how I long for you so.\n\nHot as balls that day, of course we had to come here. My boyfriend raved about this place and so I had to see it for myself. Strikingly trendy, the decor was cutesy and retro. Cute marble tables, colorful stripes on the walls, the color pink incorporated into nearly everything, and comical poster sized menus.\n\nMy boyfriend and I waited in line for about 10 minutes, then we were told that a table would be about 30 minutes. I said okay and the hostess told us that I'd get a text when our table was ready. 20 something odd minutes later, I received a text and we bolted for the door to Serendipity.\n\nWe got our seats and we ordered. Just a late lunch snack consisting of a chicken quesadilla and a frozen hot chocolate for two. The quesadilla was just okay, I've had better at Chevy's. The frozen hot chocolate, however, was delicious. I want to make something clear, though, just so there is no confusion. The infamous frozen hot chocolate from Serendipity is not a hot/cold sundae (which is what I thought it was), but it is the hot chocolate that we all love and know so much in an icy, cold form. Perhaps they should rename it to a hot chocolate slushy?\n\nSerendipity, I will be back!",1,test_22206,a142580d90f92f37ea1c8db82eadd487ea6110ddfff16e84edbfe4e642069d79,224,oh serendipity long n nhot balls day course come boyfriend raved place strikingly trendy decor cutesy retro cute marble tables colorful stripes walls color pink incorporated nearly comical poster sized menus n nmy boyfriend waited line 10 minutes told table 30 minutes said okay hostess told d text table ready 20 odd minutes later received text bolted door serendipity n nwe got seats ordered just late lunch snack consisting chicken quesadilla frozen hot chocolate quesadilla just okay ve better chevy s frozen hot chocolate delicious want make clear just no confusion infamous frozen hot chocolate serendipity not hot cold sundae thought but hot chocolate love know icy cold form rename hot chocolate slushy n nserendipity,115,1,0,0.0012314891,0.9987685,0.4987685,slice_specific,length_long;has_negation,Mixed dishes and explanatory negation,"Excerpt: ""Serendipity, I will be back!"". An average quesadilla, a praised drink and a clarification of what the drink is not appear together. All 115 processed tokens fit, including the intention to return.",Compare sentence-aware aggregation on validation examples with product explanations and explicit return intent.
"Ever wonder what to do if you have lots of extra garbage or recyclables and either can't fit them all in your bins or missed bulk trash pickup day? Alternatively, are you looking for something just a little bit different to do on a lazy summer day? \n\nOk, ok, all kidding aside - you may find yourselves (as we did yesterday) with more broken-down boxes and odd-shaped trash (old floor lamps, etc.) than can fit in your bins. This waste facility allows Phoenix residents to dump bulk trash and recyclables for free once a month. \n\nTo get to the facility, drive down to 27th Avenue and Buckeye (aka \""""No Man's Land\""""). When you drive up, you will likely see a long line of commercial vehicles waiting to do their daily or weekly dump. You can bypass this line and go to the R (the sign says something like \""""Visitors\""""). When I say \""""you can,\"""" what I mean is that we did without being stopped, so you should be able to as well. According to the city website, we were supposed to have to show a driver's license and recent water bill to be let in, but no one stopped us or asked for proof of anything. \n\nWe drove around and around the facility, following signs that directed us to the visitors' drop-off area, until finally we arrived at a massive pile of garbage. Literally. There were tons of guys in pick-up trucks dumping yard clippings, as well as a few ordinary people, like us, who just wanted their garage to be less cluttered. Warning to the wise - the place stinks (it's filled with garbage, after all) and the ground is wet and a bit slippery. We wore flip-flops (how dumb were we?). If you go, you might want to wear a long-sleeved shirt and some old, crappy tennis shoes you don't give a crap about. \n\nAfter dumping our trash, we looked around for the recycling drop-off. Some random employee sitting out under an umbrella told us that the bins were full and that we should just dump our massive pile of cardboard boxes into the trash pile (real ringing endorsement for city-sponsored recycling, huh?). I told him that we didn't want to just trash all that recyclable material, so he suggested going over by the employee trailers and dumping it in their recycling bin. So we did. \n\nI have to admit that after coming all the way to a city facility dedicated to proper recycling, we felt a bit odd dumping all these boxes in a tiny bin that wasn't much bigger than our bin at home. We felt as if we had gone to a public swimming pool and found it to be the same size as our inflatable one. We also wondered if the boxes would even get recycled. Fortunately, a guy in a city truck showed up towards the end of our unloading, gave us the thumbs up, and waited for us to be done so he could unload the bin and take the materials to wherever recyclables go to die and be reborn as new, environmentally-friendly objects. \n\nOur trip to this facility was an adventure, that's for sure. In addition to (or in spite of?) the educational benefits of seeing the inner workings of the city's solid waste operations and the entertainment value of all of those unfamiliar sights, sounds, and smells, we got to rid ourselves of the massive piles of trash and boxes left over from our move and early home improvement projects in one fell swoop. Can't beat that!",1,test_20061,f903e4054874ce85750872ab57bf583f9293a4a2b7f8d9ccf3c349fbe991b9fa,597,wonder lots extra garbage recyclables not fit bins missed bulk trash pickup day alternatively looking just little bit different lazy summer day n nok ok kidding aside did yesterday broken boxes odd shaped trash old floor lamps fit bins waste facility allows phoenix residents dump bulk trash recyclables free month n nto facility drive 27th avenue buckeye aka no man s land drive likely long line commercial vehicles waiting daily weekly dump bypass line r sign says like visitors say mean did stopped able according city website supposed driver s license recent water let but no stopped asked proof n nwe drove facility following signs directed visitors drop area finally arrived massive pile garbage literally tons guys pick trucks dumping yard clippings ordinary people like just wanted garage cluttered warning wise place stinks s filled garbage ground wet bit slippery wore flip flops dumb want wear long sleeved shirt old crappy tennis shoes not crap n nafter dumping trash looked recycling drop random employee sitting umbrella told bins just dump massive pile cardboard boxes trash pile real ringing endorsement city sponsored recycling huh told did not want just trash recyclable material suggested going employee trailers dumping recycling bin did n ni admit coming way city facility dedicated proper recycling felt bit odd dumping boxes tiny bin not bigger bin home felt gone public swimming pool size inflatable wondered boxes recycled fortunately guy city truck showed end unloading gave thumbs waited unload bin materials recyclables die reborn new environmentally friendly objects n nour trip facility adventure s sure addition spite educational benefits seeing inner workings city s solid waste operations entertainment value unfamiliar sights sounds smells got rid massive piles trash boxes left early home improvement projects fell swoop not beat,290,1,0,0.0012814221,0.99871856,0.4987186,slice_specific,length_long;has_negation,Domain vocabulary and truncated resolution,"Excerpt: ""Can't beat that!"". Garbage and waste are literal descriptions of the service. Only 192 of 290 processed tokens are retained, omitting the final resolution and positive conclusion.",Compare head-plus-tail input on validation data and inspect non-restaurant domains separately before attributing all errors to length.
I expected this location to be similar to the one in PHX: underwhelming and overpriced. However!!! I experienced something much better.  It just seems a bit more quant..put together..and a place that encourages interaction between  guests and invites you to truly enjoy yourself.Maybe its just the new place...the layout (additional bar outside) or the low key yet swanky atmosphere....\nI'm not totally sure. This place deserves the hype.,1,test_37988,9b6eaf27e4e05526a261548d31592462683d836ffe7d2cff072f08778ff87458,67,expected location similar phx underwhelming overpriced experienced better just bit quant place encourages interaction guests invites truly enjoy maybe just new place layout additional bar outside low key swanky atmosphere ni m not totally sure place deserves hype,38,1,0,0.0013292707,0.99867076,0.49867073,slice_specific,has_negation,Expectation versus actual experience,"Excerpt: ""However!!! I experienced something much better"". The opening negative terms describe expectations based on another branch; the actual visit is praised. All 38 processed tokens fit.",Preserve contrast markers and test expectation-versus-experience validation reviews with sentence-aware features.
"Went there yesterday and found that the place has just CLOSED.  Another victim of a good chef with a bad location and business planning.  \n\nHint for future restauranteurs:  Don't open a Scottsdale restaurant in the summer unless you have the cash to survive with no business till the following March, advertise heavily, and don't locate your business where customers coming from one direction have to make a U-turn to get there, particularly if there's no good signage.\n\nThe Stacy's location in Phoenix remains open.",1,test_30086,19f2df11777c1e698a52202d4989b2bce6cd323b852232f8ccfb1654552a6076,83,went yesterday place just closed victim good chef bad location business planning n nhint future restauranteurs not open scottsdale restaurant summer unless cash survive no business till following march advertise heavily not locate business customers coming direction make u turn particularly s no good signage n nthe stacy s location phoenix remains open,53,1,0,0.0015603743,0.9984396,0.49843964,slice_specific,has_negation,Business closure versus product quality,"Excerpt: ""a good chef with a bad location"". The review reports a closure and criticizes business planning while praising the chef. The supplied positive label and largely negative situation describe different aspects.",Audit closure-related validation examples and distinguish factual business status from food-quality sentiment.
"I have to say I love cafe rio! Their food is simple yet delicious, the service is great as well as consistent, and my appetite and tummy are always satisfied. However I've been to this location 3 different times and have not experienced any of these.. Even though it may be convenient for many of us here in henderson, please listen to the other reviews and DO NOT EAT AT THIS LOCATION ! New management is highly needed",0,test_37771,3a0df0183d5afffd3a6dd96d4fedcdaeb6bfb8dd9fbbc7a7cb64dfa6dec7e74a,78,say love cafe rio food simple delicious service great consistent appetite tummy satisfied ve location 3 different times not experienced convenient henderson listen reviews not eat location new management highly needed,31,0,1,0.9981001,0.9981001,0.4981001,slice_specific,has_negation,Chain praise versus location complaint,"Excerpt: ""DO NOT EAT AT THIS LOCATION"". Praise for the chain is followed by an explicit warning about this branch. All 31 processed tokens fit, so both selected models miss a target and contrast distinction rather than omitted text.",Test sentence-level target and contrast aggregation on validation reviews that compare a chain with one branch.
