model_id,direction_or_slice,metric,value,unit,split,checkpoint_id,evidence_path
task2_formal_20260927T020054Z_ba87cd57_baseline,test,accuracy,0.9324473684210526,fraction,test,task2_sentiment/Yuyao_Ding/checkpoints/task2_formal_20260927T020054Z_ba87cd57/baseline/best.pt,task2_sentiment/Yuyao_Ding/outputs/task2_formal_20260927T020054Z_ba87cd57/baseline/evaluation.json
task2_formal_20260927T020054Z_ba87cd57_baseline,test,precision_macro,0.932460575838916,fraction,test,task2_sentiment/Yuyao_Ding/checkpoints/task2_formal_20260927T020054Z_ba87cd57/baseline/best.pt,task2_sentiment/Yuyao_Ding/outputs/task2_formal_20260927T020054Z_ba87cd57/baseline/evaluation.json
task2_formal_20260927T020054Z_ba87cd57_baseline,test,recall_macro,0.9324473684210526,fraction,test,task2_sentiment/Yuyao_Ding/checkpoints/task2_formal_20260927T020054Z_ba87cd57/baseline/best.pt,task2_sentiment/Yuyao_Ding/outputs/task2_formal_20260927T020054Z_ba87cd57/baseline/evaluation.json
task2_formal_20260927T020054Z_ba87cd57_baseline,test,f1_macro,0.9324468526499656,fraction,test,task2_sentiment/Yuyao_Ding/checkpoints/task2_formal_20260927T020054Z_ba87cd57/baseline/best.pt,task2_sentiment/Yuyao_Ding/outputs/task2_formal_20260927T020054Z_ba87cd57/baseline/evaluation.json
task2_formal_20260927T020054Z_ba87cd57_baseline,test,precision_micro,0.9324473684210526,fraction,test,task2_sentiment/Yuyao_Ding/checkpoints/task2_formal_20260927T020054Z_ba87cd57/baseline/best.pt,task2_sentiment/Yuyao_Ding/outputs/task2_formal_20260927T020054Z_ba87cd57/baseline/evaluation.json
task2_formal_20260927T020054Z_ba87cd57_baseline,test,recall_micro,0.9324473684210526,fraction,test,task2_sentiment/Yuyao_Ding/checkpoints/task2_formal_20260927T020054Z_ba87cd57/baseline/best.pt,task2_sentiment/Yuyao_Ding/outputs/task2_formal_20260927T020054Z_ba87cd57/baseline/evaluation.json
task2_formal_20260927T020054Z_ba87cd57_baseline,test,f1_micro,0.9324473684210526,fraction,test,task2_sentiment/Yuyao_Ding/checkpoints/task2_formal_20260927T020054Z_ba87cd57/baseline/best.pt,task2_sentiment/Yuyao_Ding/outputs/task2_formal_20260927T020054Z_ba87cd57/baseline/evaluation.json
task2_formal_20260927T020054Z_ba87cd57_baseline,test,precision_weighted,0.9324605758389161,fraction,test,task2_sentiment/Yuyao_Ding/checkpoints/task2_formal_20260927T020054Z_ba87cd57/baseline/best.pt,task2_sentiment/Yuyao_Ding/outputs/task2_formal_20260927T020054Z_ba87cd57/baseline/evaluation.json
task2_formal_20260927T020054Z_ba87cd57_baseline,test,recall_weighted,0.9324473684210526,fraction,test,task2_sentiment/Yuyao_Ding/checkpoints/task2_formal_20260927T020054Z_ba87cd57/baseline/best.pt,task2_sentiment/Yuyao_Ding/outputs/task2_formal_20260927T020054Z_ba87cd57/baseline/evaluation.json
task2_formal_20260927T020054Z_ba87cd57_baseline,test,f1_weighted,0.9324468526499656,fraction,test,task2_sentiment/Yuyao_Ding/checkpoints/task2_formal_20260927T020054Z_ba87cd57/baseline/best.pt,task2_sentiment/Yuyao_Ding/outputs/task2_formal_20260927T020054Z_ba87cd57/baseline/evaluation.json
task2_formal_20260927T020054Z_ba87cd57_baseline,test,roc_auc,0.9797419806094183,fraction,test,task2_sentiment/Yuyao_Ding/checkpoints/task2_formal_20260927T020054Z_ba87cd57/baseline/best.pt,task2_sentiment/Yuyao_Ding/outputs/task2_formal_20260927T020054Z_ba87cd57/baseline/evaluation.json
task2_formal_20260927T020054Z_ba87cd57_baseline,test,pr_auc,0.979582358878121,fraction,test,task2_sentiment/Yuyao_Ding/checkpoints/task2_formal_20260927T020054Z_ba87cd57/baseline/best.pt,task2_sentiment/Yuyao_Ding/outputs/task2_formal_20260927T020054Z_ba87cd57/baseline/evaluation.json
task2_formal_20260927T020054Z_ba87cd57_baseline,test,average_precision,0.9795384622891853,fraction,test,task2_sentiment/Yuyao_Ding/checkpoints/task2_formal_20260927T020054Z_ba87cd57/baseline/best.pt,task2_sentiment/Yuyao_Ding/outputs/task2_formal_20260927T020054Z_ba87cd57/baseline/evaluation.json
task2_formal_20260927T020054Z_ba87cd57_baseline,test,mcc,0.8649079441591278,correlation,test,task2_sentiment/Yuyao_Ding/checkpoints/task2_formal_20260927T020054Z_ba87cd57/baseline/best.pt,task2_sentiment/Yuyao_Ding/outputs/task2_formal_20260927T020054Z_ba87cd57/baseline/evaluation.json
task2_formal_20260927T020054Z_ba87cd57_baseline,test,brier_score,0.050910450518131256,fraction,test,task2_sentiment/Yuyao_Ding/checkpoints/task2_formal_20260927T020054Z_ba87cd57/baseline/best.pt,task2_sentiment/Yuyao_Ding/outputs/task2_formal_20260927T020054Z_ba87cd57/baseline/evaluation.json
task2_formal_20260927T020054Z_ba87cd57_baseline,test,ece,0.005033176862879821,fraction,test,task2_sentiment/Yuyao_Ding/checkpoints/task2_formal_20260927T020054Z_ba87cd57/baseline/best.pt,task2_sentiment/Yuyao_Ding/outputs/task2_formal_20260927T020054Z_ba87cd57/baseline/evaluation.json
task2_formal_20260927T020054Z_ba87cd57_baseline,test,accuracy_ci_lower,0.9299467105263158,fraction,test,task2_sentiment/Yuyao_Ding/checkpoints/task2_formal_20260927T020054Z_ba87cd57/baseline/best.pt,task2_sentiment/Yuyao_Ding/outputs/task2_formal_20260927T020054Z_ba87cd57/baseline/evaluation.json
task2_formal_20260927T020054Z_ba87cd57_baseline,test,accuracy_ci_upper,0.9351585526315789,fraction,test,task2_sentiment/Yuyao_Ding/checkpoints/task2_formal_20260927T020054Z_ba87cd57/baseline/best.pt,task2_sentiment/Yuyao_Ding/outputs/task2_formal_20260927T020054Z_ba87cd57/baseline/evaluation.json
task2_formal_20260927T020054Z_ba87cd57_baseline,test,macro_f1_ci_lower,0.9299463376625753,fraction,test,task2_sentiment/Yuyao_Ding/checkpoints/task2_formal_20260927T020054Z_ba87cd57/baseline/best.pt,task2_sentiment/Yuyao_Ding/outputs/task2_formal_20260927T020054Z_ba87cd57/baseline/evaluation.json
task2_formal_20260927T020054Z_ba87cd57_baseline,test,macro_f1_ci_upper,0.9351558521962607,fraction,test,task2_sentiment/Yuyao_Ding/checkpoints/task2_formal_20260927T020054Z_ba87cd57/baseline/best.pt,task2_sentiment/Yuyao_Ding/outputs/task2_formal_20260927T020054Z_ba87cd57/baseline/evaluation.json
task2_formal_20260927T020054Z_ba87cd57_baseline,test,mcc_ci_lower,0.8599101097576133,correlation,test,task2_sentiment/Yuyao_Ding/checkpoints/task2_formal_20260927T020054Z_ba87cd57/baseline/best.pt,task2_sentiment/Yuyao_Ding/outputs/task2_formal_20260927T020054Z_ba87cd57/baseline/evaluation.json
task2_formal_20260927T020054Z_ba87cd57_baseline,test,mcc_ci_upper,0.870348538872759,correlation,test,task2_sentiment/Yuyao_Ding/checkpoints/task2_formal_20260927T020054Z_ba87cd57/baseline/best.pt,task2_sentiment/Yuyao_Ding/outputs/task2_formal_20260927T020054Z_ba87cd57/baseline/evaluation.json
task2_formal_20260927T020054Z_ba87cd57_baseline,test,confusion_tn,17769.0,examples,test,task2_sentiment/Yuyao_Ding/checkpoints/task2_formal_20260927T020054Z_ba87cd57/baseline/best.pt,task2_sentiment/Yuyao_Ding/outputs/task2_formal_20260927T020054Z_ba87cd57/baseline/evaluation.json
task2_formal_20260927T020054Z_ba87cd57_baseline,test,confusion_fp,1231.0,examples,test,task2_sentiment/Yuyao_Ding/checkpoints/task2_formal_20260927T020054Z_ba87cd57/baseline/best.pt,task2_sentiment/Yuyao_Ding/outputs/task2_formal_20260927T020054Z_ba87cd57/baseline/evaluation.json
task2_formal_20260927T020054Z_ba87cd57_baseline,test,confusion_fn,1336.0,examples,test,task2_sentiment/Yuyao_Ding/checkpoints/task2_formal_20260927T020054Z_ba87cd57/baseline/best.pt,task2_sentiment/Yuyao_Ding/outputs/task2_formal_20260927T020054Z_ba87cd57/baseline/evaluation.json
task2_formal_20260927T020054Z_ba87cd57_baseline,test,confusion_tp,17664.0,examples,test,task2_sentiment/Yuyao_Ding/checkpoints/task2_formal_20260927T020054Z_ba87cd57/baseline/best.pt,task2_sentiment/Yuyao_Ding/outputs/task2_formal_20260927T020054Z_ba87cd57/baseline/evaluation.json
task2_formal_20260927T020054Z_ba87cd57_baseline,training,parameter_count,6400129.0,parameters,training,task2_sentiment/Yuyao_Ding/checkpoints/task2_formal_20260927T020054Z_ba87cd57/baseline/best.pt,task2_sentiment/Yuyao_Ding/outputs/task2_formal_20260927T020054Z_ba87cd57/baseline/training_summary.json
task2_formal_20260927T020054Z_ba87cd57_baseline,training,training_loop_seconds,105.47611530008726,seconds,training,task2_sentiment/Yuyao_Ding/checkpoints/task2_formal_20260927T020054Z_ba87cd57/baseline/best.pt,task2_sentiment/Yuyao_Ding/outputs/task2_formal_20260927T020054Z_ba87cd57/baseline/training_summary.json
task2_formal_20260927T020054Z_ba87cd57_baseline,training,training_wall_seconds_this_segment,114.31624549999833,seconds,training,task2_sentiment/Yuyao_Ding/checkpoints/task2_formal_20260927T020054Z_ba87cd57/baseline/best.pt,task2_sentiment/Yuyao_Ding/outputs/task2_formal_20260927T020054Z_ba87cd57/baseline/training_summary.json
task2_formal_20260927T020054Z_ba87cd57_baseline,training,training_wall_seconds_including_resume,114.31624549999833,seconds,training,task2_sentiment/Yuyao_Ding/checkpoints/task2_formal_20260927T020054Z_ba87cd57/baseline/best.pt,task2_sentiment/Yuyao_Ding/outputs/task2_formal_20260927T020054Z_ba87cd57/baseline/training_summary.json
task2_formal_20260927T020054Z_ba87cd57_baseline,training,training_examples_per_second,23888.536213448464,examples/second,training,task2_sentiment/Yuyao_Ding/checkpoints/task2_formal_20260927T020054Z_ba87cd57/baseline/best.pt,task2_sentiment/Yuyao_Ding/outputs/task2_formal_20260927T020054Z_ba87cd57/baseline/training_summary.json
task2_formal_20260927T020054Z_ba87cd57_baseline,training,nonfinite_events,0.0,events,training,task2_sentiment/Yuyao_Ding/checkpoints/task2_formal_20260927T020054Z_ba87cd57/baseline/best.pt,task2_sentiment/Yuyao_Ding/outputs/task2_formal_20260927T020054Z_ba87cd57/baseline/training_summary.json
task2_formal_20260927T020054Z_ba87cd57_baseline,training,process_lifetime_peak_rss_bytes,6926053376.0,bytes,training,task2_sentiment/Yuyao_Ding/checkpoints/task2_formal_20260927T020054Z_ba87cd57/baseline/best.pt,task2_sentiment/Yuyao_Ding/outputs/task2_formal_20260927T020054Z_ba87cd57/baseline/training_summary.json
task2_formal_20260927T020054Z_ba87cd57_baseline,training,cuda_peak_allocated_bytes,175088640.0,bytes,training,task2_sentiment/Yuyao_Ding/checkpoints/task2_formal_20260927T020054Z_ba87cd57/baseline/best.pt,task2_sentiment/Yuyao_Ding/outputs/task2_formal_20260927T020054Z_ba87cd57/baseline/training_summary.json
task2_formal_20260927T020054Z_ba87cd57_baseline,length_short,count,9590.0,examples,test,task2_sentiment/Yuyao_Ding/checkpoints/task2_formal_20260927T020054Z_ba87cd57/baseline/best.pt,task2_sentiment/Yuyao_Ding/outputs/task2_formal_20260927T020054Z_ba87cd57/baseline/slice_metrics.csv
task2_formal_20260927T020054Z_ba87cd57_baseline,length_short,macro_f1,0.929359996011024,fraction,test,task2_sentiment/Yuyao_Ding/checkpoints/task2_formal_20260927T020054Z_ba87cd57/baseline/best.pt,task2_sentiment/Yuyao_Ding/outputs/task2_formal_20260927T020054Z_ba87cd57/baseline/slice_metrics.csv
task2_formal_20260927T020054Z_ba87cd57_baseline,length_short,error_rate,0.06777893639207508,fraction,test,task2_sentiment/Yuyao_Ding/checkpoints/task2_formal_20260927T020054Z_ba87cd57/baseline/best.pt,task2_sentiment/Yuyao_Ding/outputs/task2_formal_20260927T020054Z_ba87cd57/baseline/slice_metrics.csv
task2_formal_20260927T020054Z_ba87cd57_baseline,length_medium,count,18952.0,examples,test,task2_sentiment/Yuyao_Ding/checkpoints/task2_formal_20260927T020054Z_ba87cd57/baseline/best.pt,task2_sentiment/Yuyao_Ding/outputs/task2_formal_20260927T020054Z_ba87cd57/baseline/slice_metrics.csv
task2_formal_20260927T020054Z_ba87cd57_baseline,length_medium,macro_f1,0.9337777217404782,fraction,test,task2_sentiment/Yuyao_Ding/checkpoints/task2_formal_20260927T020054Z_ba87cd57/baseline/best.pt,task2_sentiment/Yuyao_Ding/outputs/task2_formal_20260927T020054Z_ba87cd57/baseline/slice_metrics.csv
task2_formal_20260927T020054Z_ba87cd57_baseline,length_medium,error_rate,0.06621992401857324,fraction,test,task2_sentiment/Yuyao_Ding/checkpoints/task2_formal_20260927T020054Z_ba87cd57/baseline/best.pt,task2_sentiment/Yuyao_Ding/outputs/task2_formal_20260927T020054Z_ba87cd57/baseline/slice_metrics.csv
task2_formal_20260927T020054Z_ba87cd57_baseline,length_long,count,9458.0,examples,test,task2_sentiment/Yuyao_Ding/checkpoints/task2_formal_20260927T020054Z_ba87cd57/baseline/best.pt,task2_sentiment/Yuyao_Ding/outputs/task2_formal_20260927T020054Z_ba87cd57/baseline/slice_metrics.csv
task2_formal_20260927T020054Z_ba87cd57_baseline,length_long,macro_f1,0.9261998310699711,fraction,test,task2_sentiment/Yuyao_Ding/checkpoints/task2_formal_20260927T020054Z_ba87cd57/baseline/best.pt,task2_sentiment/Yuyao_Ding/outputs/task2_formal_20260927T020054Z_ba87cd57/baseline/slice_metrics.csv
task2_formal_20260927T020054Z_ba87cd57_baseline,length_long,error_rate,0.06999365616409389,fraction,test,task2_sentiment/Yuyao_Ding/checkpoints/task2_formal_20260927T020054Z_ba87cd57/baseline/best.pt,task2_sentiment/Yuyao_Ding/outputs/task2_formal_20260927T020054Z_ba87cd57/baseline/slice_metrics.csv
task2_formal_20260927T020054Z_ba87cd57_baseline,has_negation,count,27949.0,examples,test,task2_sentiment/Yuyao_Ding/checkpoints/task2_formal_20260927T020054Z_ba87cd57/baseline/best.pt,task2_sentiment/Yuyao_Ding/outputs/task2_formal_20260927T020054Z_ba87cd57/baseline/slice_metrics.csv
task2_formal_20260927T020054Z_ba87cd57_baseline,has_negation,macro_f1,0.9253151437604545,fraction,test,task2_sentiment/Yuyao_Ding/checkpoints/task2_formal_20260927T020054Z_ba87cd57/baseline/best.pt,task2_sentiment/Yuyao_Ding/outputs/task2_formal_20260927T020054Z_ba87cd57/baseline/slice_metrics.csv
task2_formal_20260927T020054Z_ba87cd57_baseline,has_negation,error_rate,0.07209560270492683,fraction,test,task2_sentiment/Yuyao_Ding/checkpoints/task2_formal_20260927T020054Z_ba87cd57/baseline/best.pt,task2_sentiment/Yuyao_Ding/outputs/task2_formal_20260927T020054Z_ba87cd57/baseline/slice_metrics.csv
task2_formal_20260927T020054Z_ba87cd57_baseline,no_negation,count,10051.0,examples,test,task2_sentiment/Yuyao_Ding/checkpoints/task2_formal_20260927T020054Z_ba87cd57/baseline/best.pt,task2_sentiment/Yuyao_Ding/outputs/task2_formal_20260927T020054Z_ba87cd57/baseline/slice_metrics.csv
task2_formal_20260927T020054Z_ba87cd57_baseline,no_negation,macro_f1,0.9260471216750108,fraction,test,task2_sentiment/Yuyao_Ding/checkpoints/task2_formal_20260927T020054Z_ba87cd57/baseline/best.pt,task2_sentiment/Yuyao_Ding/outputs/task2_formal_20260927T020054Z_ba87cd57/baseline/slice_metrics.csv
task2_formal_20260927T020054Z_ba87cd57_baseline,no_negation,error_rate,0.05491990846681922,fraction,test,task2_sentiment/Yuyao_Ding/checkpoints/task2_formal_20260927T020054Z_ba87cd57/baseline/best.pt,task2_sentiment/Yuyao_Ding/outputs/task2_formal_20260927T020054Z_ba87cd57/baseline/slice_metrics.csv
task2_formal_20260927T020054Z_ba87cd57_baseline,truncated,count,1751.0,examples,test,task2_sentiment/Yuyao_Ding/checkpoints/task2_formal_20260927T020054Z_ba87cd57/baseline/best.pt,task2_sentiment/Yuyao_Ding/outputs/task2_formal_20260927T020054Z_ba87cd57/baseline/slice_metrics.csv
task2_formal_20260927T020054Z_ba87cd57_baseline,truncated,macro_f1,0.9037808803433889,fraction,test,task2_sentiment/Yuyao_Ding/checkpoints/task2_formal_20260927T020054Z_ba87cd57/baseline/best.pt,task2_sentiment/Yuyao_Ding/outputs/task2_formal_20260927T020054Z_ba87cd57/baseline/slice_metrics.csv
task2_formal_20260927T020054Z_ba87cd57_baseline,truncated,error_rate,0.08623643632210165,fraction,test,task2_sentiment/Yuyao_Ding/checkpoints/task2_formal_20260927T020054Z_ba87cd57/baseline/best.pt,task2_sentiment/Yuyao_Ding/outputs/task2_formal_20260927T020054Z_ba87cd57/baseline/slice_metrics.csv
task2_formal_20260927T020054Z_ba87cd57_baseline,not_truncated,count,36249.0,examples,test,task2_sentiment/Yuyao_Ding/checkpoints/task2_formal_20260927T020054Z_ba87cd57/baseline/best.pt,task2_sentiment/Yuyao_Ding/outputs/task2_formal_20260927T020054Z_ba87cd57/baseline/slice_metrics.csv
task2_formal_20260927T020054Z_ba87cd57_baseline,not_truncated,macro_f1,0.9333391973318624,fraction,test,task2_sentiment/Yuyao_Ding/checkpoints/task2_formal_20260927T020054Z_ba87cd57/baseline/best.pt,task2_sentiment/Yuyao_Ding/outputs/task2_formal_20260927T020054Z_ba87cd57/baseline/slice_metrics.csv
task2_formal_20260927T020054Z_ba87cd57_baseline,not_truncated,error_rate,0.06665011448591686,fraction,test,task2_sentiment/Yuyao_Ding/checkpoints/task2_formal_20260927T020054Z_ba87cd57/baseline/best.pt,task2_sentiment/Yuyao_Ding/outputs/task2_formal_20260927T020054Z_ba87cd57/baseline/slice_metrics.csv
task2_formal_20260927T020054Z_ba87cd57_baseline,empty_after_preprocessing,count,1.0,examples,test,task2_sentiment/Yuyao_Ding/checkpoints/task2_formal_20260927T020054Z_ba87cd57/baseline/best.pt,task2_sentiment/Yuyao_Ding/outputs/task2_formal_20260927T020054Z_ba87cd57/baseline/slice_metrics.csv
task2_formal_20260927T020054Z_ba87cd57_baseline,empty_after_preprocessing,macro_f1,0.0,fraction,test,task2_sentiment/Yuyao_Ding/checkpoints/task2_formal_20260927T020054Z_ba87cd57/baseline/best.pt,task2_sentiment/Yuyao_Ding/outputs/task2_formal_20260927T020054Z_ba87cd57/baseline/slice_metrics.csv
task2_formal_20260927T020054Z_ba87cd57_baseline,empty_after_preprocessing,error_rate,1.0,fraction,test,task2_sentiment/Yuyao_Ding/checkpoints/task2_formal_20260927T020054Z_ba87cd57/baseline/best.pt,task2_sentiment/Yuyao_Ding/outputs/task2_formal_20260927T020054Z_ba87cd57/baseline/slice_metrics.csv
task2_formal_20260927T020054Z_ba87cd57_textcnn,test,accuracy,0.9388421052631579,fraction,test,task2_sentiment/Yuyao_Ding/checkpoints/task2_formal_20260927T020054Z_ba87cd57/textcnn/best.pt,task2_sentiment/Yuyao_Ding/outputs/task2_formal_20260927T020054Z_ba87cd57/textcnn/evaluation.json
task2_formal_20260927T020054Z_ba87cd57_textcnn,test,precision_macro,0.93890420352105,fraction,test,task2_sentiment/Yuyao_Ding/checkpoints/task2_formal_20260927T020054Z_ba87cd57/textcnn/best.pt,task2_sentiment/Yuyao_Ding/outputs/task2_formal_20260927T020054Z_ba87cd57/textcnn/evaluation.json
task2_formal_20260927T020054Z_ba87cd57_textcnn,test,recall_macro,0.9388421052631579,fraction,test,task2_sentiment/Yuyao_Ding/checkpoints/task2_formal_20260927T020054Z_ba87cd57/textcnn/best.pt,task2_sentiment/Yuyao_Ding/outputs/task2_formal_20260927T020054Z_ba87cd57/textcnn/evaluation.json
task2_formal_20260927T020054Z_ba87cd57_textcnn,test,f1_macro,0.9388399419590551,fraction,test,task2_sentiment/Yuyao_Ding/checkpoints/task2_formal_20260927T020054Z_ba87cd57/textcnn/best.pt,task2_sentiment/Yuyao_Ding/outputs/task2_formal_20260927T020054Z_ba87cd57/textcnn/evaluation.json
task2_formal_20260927T020054Z_ba87cd57_textcnn,test,precision_micro,0.9388421052631579,fraction,test,task2_sentiment/Yuyao_Ding/checkpoints/task2_formal_20260927T020054Z_ba87cd57/textcnn/best.pt,task2_sentiment/Yuyao_Ding/outputs/task2_formal_20260927T020054Z_ba87cd57/textcnn/evaluation.json
task2_formal_20260927T020054Z_ba87cd57_textcnn,test,recall_micro,0.9388421052631579,fraction,test,task2_sentiment/Yuyao_Ding/checkpoints/task2_formal_20260927T020054Z_ba87cd57/textcnn/best.pt,task2_sentiment/Yuyao_Ding/outputs/task2_formal_20260927T020054Z_ba87cd57/textcnn/evaluation.json
task2_formal_20260927T020054Z_ba87cd57_textcnn,test,f1_micro,0.9388421052631579,fraction,test,task2_sentiment/Yuyao_Ding/checkpoints/task2_formal_20260927T020054Z_ba87cd57/textcnn/best.pt,task2_sentiment/Yuyao_Ding/outputs/task2_formal_20260927T020054Z_ba87cd57/textcnn/evaluation.json
task2_formal_20260927T020054Z_ba87cd57_textcnn,test,precision_weighted,0.9389042035210499,fraction,test,task2_sentiment/Yuyao_Ding/checkpoints/task2_formal_20260927T020054Z_ba87cd57/textcnn/best.pt,task2_sentiment/Yuyao_Ding/outputs/task2_formal_20260927T020054Z_ba87cd57/textcnn/evaluation.json
task2_formal_20260927T020054Z_ba87cd57_textcnn,test,recall_weighted,0.9388421052631579,fraction,test,task2_sentiment/Yuyao_Ding/checkpoints/task2_formal_20260927T020054Z_ba87cd57/textcnn/best.pt,task2_sentiment/Yuyao_Ding/outputs/task2_formal_20260927T020054Z_ba87cd57/textcnn/evaluation.json
task2_formal_20260927T020054Z_ba87cd57_textcnn,test,f1_weighted,0.938839941959055,fraction,test,task2_sentiment/Yuyao_Ding/checkpoints/task2_formal_20260927T020054Z_ba87cd57/textcnn/best.pt,task2_sentiment/Yuyao_Ding/outputs/task2_formal_20260927T020054Z_ba87cd57/textcnn/evaluation.json
task2_formal_20260927T020054Z_ba87cd57_textcnn,test,roc_auc,0.9849425900277009,fraction,test,task2_sentiment/Yuyao_Ding/checkpoints/task2_formal_20260927T020054Z_ba87cd57/textcnn/best.pt,task2_sentiment/Yuyao_Ding/outputs/task2_formal_20260927T020054Z_ba87cd57/textcnn/evaluation.json
task2_formal_20260927T020054Z_ba87cd57_textcnn,test,pr_auc,0.9853405325955158,fraction,test,task2_sentiment/Yuyao_Ding/checkpoints/task2_formal_20260927T020054Z_ba87cd57/textcnn/best.pt,task2_sentiment/Yuyao_Ding/outputs/task2_formal_20260927T020054Z_ba87cd57/textcnn/evaluation.json
task2_formal_20260927T020054Z_ba87cd57_textcnn,test,average_precision,0.9853409699170025,fraction,test,task2_sentiment/Yuyao_Ding/checkpoints/task2_formal_20260927T020054Z_ba87cd57/textcnn/best.pt,task2_sentiment/Yuyao_Ding/outputs/task2_formal_20260927T020054Z_ba87cd57/textcnn/evaluation.json
task2_formal_20260927T020054Z_ba87cd57_textcnn,test,mcc,0.877746306587563,correlation,test,task2_sentiment/Yuyao_Ding/checkpoints/task2_formal_20260927T020054Z_ba87cd57/textcnn/best.pt,task2_sentiment/Yuyao_Ding/outputs/task2_formal_20260927T020054Z_ba87cd57/textcnn/evaluation.json
task2_formal_20260927T020054Z_ba87cd57_textcnn,test,brier_score,0.04530254751443863,fraction,test,task2_sentiment/Yuyao_Ding/checkpoints/task2_formal_20260927T020054Z_ba87cd57/textcnn/best.pt,task2_sentiment/Yuyao_Ding/outputs/task2_formal_20260927T020054Z_ba87cd57/textcnn/evaluation.json
task2_formal_20260927T020054Z_ba87cd57_textcnn,test,ece,0.0026231402033253352,fraction,test,task2_sentiment/Yuyao_Ding/checkpoints/task2_formal_20260927T020054Z_ba87cd57/textcnn/best.pt,task2_sentiment/Yuyao_Ding/outputs/task2_formal_20260927T020054Z_ba87cd57/textcnn/evaluation.json
task2_formal_20260927T020054Z_ba87cd57_textcnn,test,accuracy_ci_lower,0.9364736842105263,fraction,test,task2_sentiment/Yuyao_Ding/checkpoints/task2_formal_20260927T020054Z_ba87cd57/textcnn/best.pt,task2_sentiment/Yuyao_Ding/outputs/task2_formal_20260927T020054Z_ba87cd57/textcnn/evaluation.json
task2_formal_20260927T020054Z_ba87cd57_textcnn,test,accuracy_ci_upper,0.9413690789473684,fraction,test,task2_sentiment/Yuyao_Ding/checkpoints/task2_formal_20260927T020054Z_ba87cd57/textcnn/best.pt,task2_sentiment/Yuyao_Ding/outputs/task2_formal_20260927T020054Z_ba87cd57/textcnn/evaluation.json
task2_formal_20260927T020054Z_ba87cd57_textcnn,test,macro_f1_ci_lower,0.9364730804696425,fraction,test,task2_sentiment/Yuyao_Ding/checkpoints/task2_formal_20260927T020054Z_ba87cd57/textcnn/best.pt,task2_sentiment/Yuyao_Ding/outputs/task2_formal_20260927T020054Z_ba87cd57/textcnn/evaluation.json
task2_formal_20260927T020054Z_ba87cd57_textcnn,test,macro_f1_ci_upper,0.9413600308645099,fraction,test,task2_sentiment/Yuyao_Ding/checkpoints/task2_formal_20260927T020054Z_ba87cd57/textcnn/best.pt,task2_sentiment/Yuyao_Ding/outputs/task2_formal_20260927T020054Z_ba87cd57/textcnn/evaluation.json
task2_formal_20260927T020054Z_ba87cd57_textcnn,test,mcc_ci_lower,0.8730396510845929,correlation,test,task2_sentiment/Yuyao_Ding/checkpoints/task2_formal_20260927T020054Z_ba87cd57/textcnn/best.pt,task2_sentiment/Yuyao_Ding/outputs/task2_formal_20260927T020054Z_ba87cd57/textcnn/evaluation.json
task2_formal_20260927T020054Z_ba87cd57_textcnn,test,mcc_ci_upper,0.8827774729159241,correlation,test,task2_sentiment/Yuyao_Ding/checkpoints/task2_formal_20260927T020054Z_ba87cd57/textcnn/best.pt,task2_sentiment/Yuyao_Ding/outputs/task2_formal_20260927T020054Z_ba87cd57/textcnn/evaluation.json
task2_formal_20260927T020054Z_ba87cd57_textcnn,test,confusion_tn,17725.0,examples,test,task2_sentiment/Yuyao_Ding/checkpoints/task2_formal_20260927T020054Z_ba87cd57/textcnn/best.pt,task2_sentiment/Yuyao_Ding/outputs/task2_formal_20260927T020054Z_ba87cd57/textcnn/evaluation.json
task2_formal_20260927T020054Z_ba87cd57_textcnn,test,confusion_fp,1275.0,examples,test,task2_sentiment/Yuyao_Ding/checkpoints/task2_formal_20260927T020054Z_ba87cd57/textcnn/best.pt,task2_sentiment/Yuyao_Ding/outputs/task2_formal_20260927T020054Z_ba87cd57/textcnn/evaluation.json
task2_formal_20260927T020054Z_ba87cd57_textcnn,test,confusion_fn,1049.0,examples,test,task2_sentiment/Yuyao_Ding/checkpoints/task2_formal_20260927T020054Z_ba87cd57/textcnn/best.pt,task2_sentiment/Yuyao_Ding/outputs/task2_formal_20260927T020054Z_ba87cd57/textcnn/evaluation.json
task2_formal_20260927T020054Z_ba87cd57_textcnn,test,confusion_tp,17951.0,examples,test,task2_sentiment/Yuyao_Ding/checkpoints/task2_formal_20260927T020054Z_ba87cd57/textcnn/best.pt,task2_sentiment/Yuyao_Ding/outputs/task2_formal_20260927T020054Z_ba87cd57/textcnn/evaluation.json
task2_formal_20260927T020054Z_ba87cd57_textcnn,training,parameter_count,6597377.0,parameters,training,task2_sentiment/Yuyao_Ding/checkpoints/task2_formal_20260927T020054Z_ba87cd57/textcnn/best.pt,task2_sentiment/Yuyao_Ding/outputs/task2_formal_20260927T020054Z_ba87cd57/textcnn/training_summary.json
task2_formal_20260927T020054Z_ba87cd57_textcnn,training,training_loop_seconds,127.76940130000003,seconds,training,task2_sentiment/Yuyao_Ding/checkpoints/task2_formal_20260927T020054Z_ba87cd57/textcnn/best.pt,task2_sentiment/Yuyao_Ding/outputs/task2_formal_20260927T020054Z_ba87cd57/textcnn/training_summary.json
task2_formal_20260927T020054Z_ba87cd57_textcnn,training,training_wall_seconds_this_segment,138.05851229990367,seconds,training,task2_sentiment/Yuyao_Ding/checkpoints/task2_formal_20260927T020054Z_ba87cd57/textcnn/best.pt,task2_sentiment/Yuyao_Ding/outputs/task2_formal_20260927T020054Z_ba87cd57/textcnn/training_summary.json
task2_formal_20260927T020054Z_ba87cd57_textcnn,training,training_wall_seconds_including_resume,138.05851229990367,seconds,training,task2_sentiment/Yuyao_Ding/checkpoints/task2_formal_20260927T020054Z_ba87cd57/textcnn/best.pt,task2_sentiment/Yuyao_Ding/outputs/task2_formal_20260927T020054Z_ba87cd57/textcnn/training_summary.json
task2_formal_20260927T020054Z_ba87cd57_textcnn,training,training_examples_per_second,19720.44929665018,examples/second,training,task2_sentiment/Yuyao_Ding/checkpoints/task2_formal_20260927T020054Z_ba87cd57/textcnn/best.pt,task2_sentiment/Yuyao_Ding/outputs/task2_formal_20260927T020054Z_ba87cd57/textcnn/training_summary.json
task2_formal_20260927T020054Z_ba87cd57_textcnn,training,nonfinite_events,0.0,events,training,task2_sentiment/Yuyao_Ding/checkpoints/task2_formal_20260927T020054Z_ba87cd57/textcnn/best.pt,task2_sentiment/Yuyao_Ding/outputs/task2_formal_20260927T020054Z_ba87cd57/textcnn/training_summary.json
task2_formal_20260927T020054Z_ba87cd57_textcnn,training,process_lifetime_peak_rss_bytes,6926053376.0,bytes,training,task2_sentiment/Yuyao_Ding/checkpoints/task2_formal_20260927T020054Z_ba87cd57/textcnn/best.pt,task2_sentiment/Yuyao_Ding/outputs/task2_formal_20260927T020054Z_ba87cd57/textcnn/training_summary.json
task2_formal_20260927T020054Z_ba87cd57_textcnn,training,cuda_peak_allocated_bytes,313302528.0,bytes,training,task2_sentiment/Yuyao_Ding/checkpoints/task2_formal_20260927T020054Z_ba87cd57/textcnn/best.pt,task2_sentiment/Yuyao_Ding/outputs/task2_formal_20260927T020054Z_ba87cd57/textcnn/training_summary.json
task2_formal_20260927T020054Z_ba87cd57_textcnn,length_short,count,9590.0,examples,test,task2_sentiment/Yuyao_Ding/checkpoints/task2_formal_20260927T020054Z_ba87cd57/textcnn/best.pt,task2_sentiment/Yuyao_Ding/outputs/task2_formal_20260927T020054Z_ba87cd57/textcnn/slice_metrics.csv
task2_formal_20260927T020054Z_ba87cd57_textcnn,length_short,macro_f1,0.9346136631125923,fraction,test,task2_sentiment/Yuyao_Ding/checkpoints/task2_formal_20260927T020054Z_ba87cd57/textcnn/best.pt,task2_sentiment/Yuyao_Ding/outputs/task2_formal_20260927T020054Z_ba87cd57/textcnn/slice_metrics.csv
task2_formal_20260927T020054Z_ba87cd57_textcnn,length_short,error_rate,0.06256517205422316,fraction,test,task2_sentiment/Yuyao_Ding/checkpoints/task2_formal_20260927T020054Z_ba87cd57/textcnn/best.pt,task2_sentiment/Yuyao_Ding/outputs/task2_formal_20260927T020054Z_ba87cd57/textcnn/slice_metrics.csv
task2_formal_20260927T020054Z_ba87cd57_textcnn,length_medium,count,18952.0,examples,test,task2_sentiment/Yuyao_Ding/checkpoints/task2_formal_20260927T020054Z_ba87cd57/textcnn/best.pt,task2_sentiment/Yuyao_Ding/outputs/task2_formal_20260927T020054Z_ba87cd57/textcnn/slice_metrics.csv
task2_formal_20260927T020054Z_ba87cd57_textcnn,length_medium,macro_f1,0.9414723053334593,fraction,test,task2_sentiment/Yuyao_Ding/checkpoints/task2_formal_20260927T020054Z_ba87cd57/textcnn/best.pt,task2_sentiment/Yuyao_Ding/outputs/task2_formal_20260927T020054Z_ba87cd57/textcnn/slice_metrics.csv
task2_formal_20260927T020054Z_ba87cd57_textcnn,length_medium,error_rate,0.05851625158294639,fraction,test,task2_sentiment/Yuyao_Ding/checkpoints/task2_formal_20260927T020054Z_ba87cd57/textcnn/best.pt,task2_sentiment/Yuyao_Ding/outputs/task2_formal_20260927T020054Z_ba87cd57/textcnn/slice_metrics.csv
task2_formal_20260927T020054Z_ba87cd57_textcnn,length_long,count,9458.0,examples,test,task2_sentiment/Yuyao_Ding/checkpoints/task2_formal_20260927T020054Z_ba87cd57/textcnn/best.pt,task2_sentiment/Yuyao_Ding/outputs/task2_formal_20260927T020054Z_ba87cd57/textcnn/slice_metrics.csv
task2_formal_20260927T020054Z_ba87cd57_textcnn,length_long,macro_f1,0.9318322794238658,fraction,test,task2_sentiment/Yuyao_Ding/checkpoints/task2_formal_20260927T020054Z_ba87cd57/textcnn/best.pt,task2_sentiment/Yuyao_Ding/outputs/task2_formal_20260927T020054Z_ba87cd57/textcnn/slice_metrics.csv
task2_formal_20260927T020054Z_ba87cd57_textcnn,length_long,error_rate,0.0650243180376401,fraction,test,task2_sentiment/Yuyao_Ding/checkpoints/task2_formal_20260927T020054Z_ba87cd57/textcnn/best.pt,task2_sentiment/Yuyao_Ding/outputs/task2_formal_20260927T020054Z_ba87cd57/textcnn/slice_metrics.csv
task2_formal_20260927T020054Z_ba87cd57_textcnn,has_negation,count,27949.0,examples,test,task2_sentiment/Yuyao_Ding/checkpoints/task2_formal_20260927T020054Z_ba87cd57/textcnn/best.pt,task2_sentiment/Yuyao_Ding/outputs/task2_formal_20260927T020054Z_ba87cd57/textcnn/slice_metrics.csv
task2_formal_20260927T020054Z_ba87cd57_textcnn,has_negation,macro_f1,0.935036059127841,fraction,test,task2_sentiment/Yuyao_Ding/checkpoints/task2_formal_20260927T020054Z_ba87cd57/textcnn/best.pt,task2_sentiment/Yuyao_Ding/outputs/task2_formal_20260927T020054Z_ba87cd57/textcnn/slice_metrics.csv
task2_formal_20260927T020054Z_ba87cd57_textcnn,has_negation,error_rate,0.06293606211313464,fraction,test,task2_sentiment/Yuyao_Ding/checkpoints/task2_formal_20260927T020054Z_ba87cd57/textcnn/best.pt,task2_sentiment/Yuyao_Ding/outputs/task2_formal_20260927T020054Z_ba87cd57/textcnn/slice_metrics.csv
task2_formal_20260927T020054Z_ba87cd57_textcnn,no_negation,count,10051.0,examples,test,task2_sentiment/Yuyao_Ding/checkpoints/task2_formal_20260927T020054Z_ba87cd57/textcnn/best.pt,task2_sentiment/Yuyao_Ding/outputs/task2_formal_20260927T020054Z_ba87cd57/textcnn/slice_metrics.csv
task2_formal_20260927T020054Z_ba87cd57_textcnn,no_negation,macro_f1,0.92362637137258,fraction,test,task2_sentiment/Yuyao_Ding/checkpoints/task2_formal_20260927T020054Z_ba87cd57/textcnn/best.pt,task2_sentiment/Yuyao_Ding/outputs/task2_formal_20260927T020054Z_ba87cd57/textcnn/slice_metrics.csv
task2_formal_20260927T020054Z_ba87cd57_textcnn,no_negation,error_rate,0.05621331210824793,fraction,test,task2_sentiment/Yuyao_Ding/checkpoints/task2_formal_20260927T020054Z_ba87cd57/textcnn/best.pt,task2_sentiment/Yuyao_Ding/outputs/task2_formal_20260927T020054Z_ba87cd57/textcnn/slice_metrics.csv
task2_formal_20260927T020054Z_ba87cd57_textcnn,truncated,count,1751.0,examples,test,task2_sentiment/Yuyao_Ding/checkpoints/task2_formal_20260927T020054Z_ba87cd57/textcnn/best.pt,task2_sentiment/Yuyao_Ding/outputs/task2_formal_20260927T020054Z_ba87cd57/textcnn/slice_metrics.csv
task2_formal_20260927T020054Z_ba87cd57_textcnn,truncated,macro_f1,0.9029943419901459,fraction,test,task2_sentiment/Yuyao_Ding/checkpoints/task2_formal_20260927T020054Z_ba87cd57/textcnn/best.pt,task2_sentiment/Yuyao_Ding/outputs/task2_formal_20260927T020054Z_ba87cd57/textcnn/slice_metrics.csv
task2_formal_20260927T020054Z_ba87cd57_textcnn,truncated,error_rate,0.08794974300399772,fraction,test,task2_sentiment/Yuyao_Ding/checkpoints/task2_formal_20260927T020054Z_ba87cd57/textcnn/best.pt,task2_sentiment/Yuyao_Ding/outputs/task2_formal_20260927T020054Z_ba87cd57/textcnn/slice_metrics.csv
task2_formal_20260927T020054Z_ba87cd57_textcnn,not_truncated,count,36249.0,examples,test,task2_sentiment/Yuyao_Ding/checkpoints/task2_formal_20260927T020054Z_ba87cd57/textcnn/best.pt,task2_sentiment/Yuyao_Ding/outputs/task2_formal_20260927T020054Z_ba87cd57/textcnn/slice_metrics.csv
task2_formal_20260927T020054Z_ba87cd57_textcnn,not_truncated,macro_f1,0.9401098839686786,fraction,test,task2_sentiment/Yuyao_Ding/checkpoints/task2_formal_20260927T020054Z_ba87cd57/textcnn/best.pt,task2_sentiment/Yuyao_Ding/outputs/task2_formal_20260927T020054Z_ba87cd57/textcnn/slice_metrics.csv
task2_formal_20260927T020054Z_ba87cd57_textcnn,not_truncated,error_rate,0.0598637203784932,fraction,test,task2_sentiment/Yuyao_Ding/checkpoints/task2_formal_20260927T020054Z_ba87cd57/textcnn/best.pt,task2_sentiment/Yuyao_Ding/outputs/task2_formal_20260927T020054Z_ba87cd57/textcnn/slice_metrics.csv
task2_formal_20260927T020054Z_ba87cd57_textcnn,empty_after_preprocessing,count,1.0,examples,test,task2_sentiment/Yuyao_Ding/checkpoints/task2_formal_20260927T020054Z_ba87cd57/textcnn/best.pt,task2_sentiment/Yuyao_Ding/outputs/task2_formal_20260927T020054Z_ba87cd57/textcnn/slice_metrics.csv
task2_formal_20260927T020054Z_ba87cd57_textcnn,empty_after_preprocessing,macro_f1,0.0,fraction,test,task2_sentiment/Yuyao_Ding/checkpoints/task2_formal_20260927T020054Z_ba87cd57/textcnn/best.pt,task2_sentiment/Yuyao_Ding/outputs/task2_formal_20260927T020054Z_ba87cd57/textcnn/slice_metrics.csv
task2_formal_20260927T020054Z_ba87cd57_textcnn,empty_after_preprocessing,error_rate,1.0,fraction,test,task2_sentiment/Yuyao_Ding/checkpoints/task2_formal_20260927T020054Z_ba87cd57/textcnn/best.pt,task2_sentiment/Yuyao_Ding/outputs/task2_formal_20260927T020054Z_ba87cd57/textcnn/slice_metrics.csv
task2_formal_20260927T020054Z_ba87cd57_bilstm,test,accuracy,0.9475263157894737,fraction,test,task2_sentiment/Yuyao_Ding/checkpoints/task2_formal_20260927T020054Z_ba87cd57/bilstm/best.pt,task2_sentiment/Yuyao_Ding/outputs/task2_formal_20260927T020054Z_ba87cd57/bilstm/evaluation.json
task2_formal_20260927T020054Z_ba87cd57_bilstm,test,precision_macro,0.9475527424771708,fraction,test,task2_sentiment/Yuyao_Ding/checkpoints/task2_formal_20260927T020054Z_ba87cd57/bilstm/best.pt,task2_sentiment/Yuyao_Ding/outputs/task2_formal_20260927T020054Z_ba87cd57/bilstm/evaluation.json
task2_formal_20260927T020054Z_ba87cd57_bilstm,test,recall_macro,0.9475263157894737,fraction,test,task2_sentiment/Yuyao_Ding/checkpoints/task2_formal_20260927T020054Z_ba87cd57/bilstm/best.pt,task2_sentiment/Yuyao_Ding/outputs/task2_formal_20260927T020054Z_ba87cd57/bilstm/evaluation.json
task2_formal_20260927T020054Z_ba87cd57_bilstm,test,f1_macro,0.9475255411734319,fraction,test,task2_sentiment/Yuyao_Ding/checkpoints/task2_formal_20260927T020054Z_ba87cd57/bilstm/best.pt,task2_sentiment/Yuyao_Ding/outputs/task2_formal_20260927T020054Z_ba87cd57/bilstm/evaluation.json
task2_formal_20260927T020054Z_ba87cd57_bilstm,test,precision_micro,0.9475263157894737,fraction,test,task2_sentiment/Yuyao_Ding/checkpoints/task2_formal_20260927T020054Z_ba87cd57/bilstm/best.pt,task2_sentiment/Yuyao_Ding/outputs/task2_formal_20260927T020054Z_ba87cd57/bilstm/evaluation.json
task2_formal_20260927T020054Z_ba87cd57_bilstm,test,recall_micro,0.9475263157894737,fraction,test,task2_sentiment/Yuyao_Ding/checkpoints/task2_formal_20260927T020054Z_ba87cd57/bilstm/best.pt,task2_sentiment/Yuyao_Ding/outputs/task2_formal_20260927T020054Z_ba87cd57/bilstm/evaluation.json
task2_formal_20260927T020054Z_ba87cd57_bilstm,test,f1_micro,0.9475263157894737,fraction,test,task2_sentiment/Yuyao_Ding/checkpoints/task2_formal_20260927T020054Z_ba87cd57/bilstm/best.pt,task2_sentiment/Yuyao_Ding/outputs/task2_formal_20260927T020054Z_ba87cd57/bilstm/evaluation.json
task2_formal_20260927T020054Z_ba87cd57_bilstm,test,precision_weighted,0.9475527424771707,fraction,test,task2_sentiment/Yuyao_Ding/checkpoints/task2_formal_20260927T020054Z_ba87cd57/bilstm/best.pt,task2_sentiment/Yuyao_Ding/outputs/task2_formal_20260927T020054Z_ba87cd57/bilstm/evaluation.json
task2_formal_20260927T020054Z_ba87cd57_bilstm,test,recall_weighted,0.9475263157894737,fraction,test,task2_sentiment/Yuyao_Ding/checkpoints/task2_formal_20260927T020054Z_ba87cd57/bilstm/best.pt,task2_sentiment/Yuyao_Ding/outputs/task2_formal_20260927T020054Z_ba87cd57/bilstm/evaluation.json
task2_formal_20260927T020054Z_ba87cd57_bilstm,test,f1_weighted,0.947525541173432,fraction,test,task2_sentiment/Yuyao_Ding/checkpoints/task2_formal_20260927T020054Z_ba87cd57/bilstm/best.pt,task2_sentiment/Yuyao_Ding/outputs/task2_formal_20260927T020054Z_ba87cd57/bilstm/evaluation.json
task2_formal_20260927T020054Z_ba87cd57_bilstm,test,roc_auc,0.9887936537396123,fraction,test,task2_sentiment/Yuyao_Ding/checkpoints/task2_formal_20260927T020054Z_ba87cd57/bilstm/best.pt,task2_sentiment/Yuyao_Ding/outputs/task2_formal_20260927T020054Z_ba87cd57/bilstm/evaluation.json
task2_formal_20260927T020054Z_ba87cd57_bilstm,test,pr_auc,0.9891550438524009,fraction,test,task2_sentiment/Yuyao_Ding/checkpoints/task2_formal_20260927T020054Z_ba87cd57/bilstm/best.pt,task2_sentiment/Yuyao_Ding/outputs/task2_formal_20260927T020054Z_ba87cd57/bilstm/evaluation.json
task2_formal_20260927T020054Z_ba87cd57_bilstm,test,average_precision,0.9891553214951218,fraction,test,task2_sentiment/Yuyao_Ding/checkpoints/task2_formal_20260927T020054Z_ba87cd57/bilstm/best.pt,task2_sentiment/Yuyao_Ding/outputs/task2_formal_20260927T020054Z_ba87cd57/bilstm/evaluation.json
task2_formal_20260927T020054Z_ba87cd57_bilstm,test,mcc,0.8950790578765282,correlation,test,task2_sentiment/Yuyao_Ding/checkpoints/task2_formal_20260927T020054Z_ba87cd57/bilstm/best.pt,task2_sentiment/Yuyao_Ding/outputs/task2_formal_20260927T020054Z_ba87cd57/bilstm/evaluation.json
task2_formal_20260927T020054Z_ba87cd57_bilstm,test,brier_score,0.03961716964840889,fraction,test,task2_sentiment/Yuyao_Ding/checkpoints/task2_formal_20260927T020054Z_ba87cd57/bilstm/best.pt,task2_sentiment/Yuyao_Ding/outputs/task2_formal_20260927T020054Z_ba87cd57/bilstm/evaluation.json
task2_formal_20260927T020054Z_ba87cd57_bilstm,test,ece,0.00910818577283306,fraction,test,task2_sentiment/Yuyao_Ding/checkpoints/task2_formal_20260927T020054Z_ba87cd57/bilstm/best.pt,task2_sentiment/Yuyao_Ding/outputs/task2_formal_20260927T020054Z_ba87cd57/bilstm/evaluation.json
task2_formal_20260927T020054Z_ba87cd57_bilstm,test,accuracy_ci_lower,0.9454736842105264,fraction,test,task2_sentiment/Yuyao_Ding/checkpoints/task2_formal_20260927T020054Z_ba87cd57/bilstm/best.pt,task2_sentiment/Yuyao_Ding/outputs/task2_formal_20260927T020054Z_ba87cd57/bilstm/evaluation.json
task2_formal_20260927T020054Z_ba87cd57_bilstm,test,accuracy_ci_upper,0.949921052631579,fraction,test,task2_sentiment/Yuyao_Ding/checkpoints/task2_formal_20260927T020054Z_ba87cd57/bilstm/best.pt,task2_sentiment/Yuyao_Ding/outputs/task2_formal_20260927T020054Z_ba87cd57/bilstm/evaluation.json
task2_formal_20260927T020054Z_ba87cd57_bilstm,test,macro_f1_ci_lower,0.9454721624306268,fraction,test,task2_sentiment/Yuyao_Ding/checkpoints/task2_formal_20260927T020054Z_ba87cd57/bilstm/best.pt,task2_sentiment/Yuyao_Ding/outputs/task2_formal_20260927T020054Z_ba87cd57/bilstm/evaluation.json
task2_formal_20260927T020054Z_ba87cd57_bilstm,test,macro_f1_ci_upper,0.9499175380495527,fraction,test,task2_sentiment/Yuyao_Ding/checkpoints/task2_formal_20260927T020054Z_ba87cd57/bilstm/best.pt,task2_sentiment/Yuyao_Ding/outputs/task2_formal_20260927T020054Z_ba87cd57/bilstm/evaluation.json
task2_formal_20260927T020054Z_ba87cd57_bilstm,test,mcc_ci_lower,0.8909810612526307,correlation,test,task2_sentiment/Yuyao_Ding/checkpoints/task2_formal_20260927T020054Z_ba87cd57/bilstm/best.pt,task2_sentiment/Yuyao_Ding/outputs/task2_formal_20260927T020054Z_ba87cd57/bilstm/evaluation.json
task2_formal_20260927T020054Z_ba87cd57_bilstm,test,mcc_ci_upper,0.8998647038149268,correlation,test,task2_sentiment/Yuyao_Ding/checkpoints/task2_formal_20260927T020054Z_ba87cd57/bilstm/best.pt,task2_sentiment/Yuyao_Ding/outputs/task2_formal_20260927T020054Z_ba87cd57/bilstm/evaluation.json
task2_formal_20260927T020054Z_ba87cd57_bilstm,test,confusion_tn,18076.0,examples,test,task2_sentiment/Yuyao_Ding/checkpoints/task2_formal_20260927T020054Z_ba87cd57/bilstm/best.pt,task2_sentiment/Yuyao_Ding/outputs/task2_formal_20260927T020054Z_ba87cd57/bilstm/evaluation.json
task2_formal_20260927T020054Z_ba87cd57_bilstm,test,confusion_fp,924.0,examples,test,task2_sentiment/Yuyao_Ding/checkpoints/task2_formal_20260927T020054Z_ba87cd57/bilstm/best.pt,task2_sentiment/Yuyao_Ding/outputs/task2_formal_20260927T020054Z_ba87cd57/bilstm/evaluation.json
task2_formal_20260927T020054Z_ba87cd57_bilstm,test,confusion_fn,1070.0,examples,test,task2_sentiment/Yuyao_Ding/checkpoints/task2_formal_20260927T020054Z_ba87cd57/bilstm/best.pt,task2_sentiment/Yuyao_Ding/outputs/task2_formal_20260927T020054Z_ba87cd57/bilstm/evaluation.json
task2_formal_20260927T020054Z_ba87cd57_bilstm,test,confusion_tp,17930.0,examples,test,task2_sentiment/Yuyao_Ding/checkpoints/task2_formal_20260927T020054Z_ba87cd57/bilstm/best.pt,task2_sentiment/Yuyao_Ding/outputs/task2_formal_20260927T020054Z_ba87cd57/bilstm/evaluation.json
task2_formal_20260927T020054Z_ba87cd57_bilstm,training,parameter_count,6664449.0,parameters,training,task2_sentiment/Yuyao_Ding/checkpoints/task2_formal_20260927T020054Z_ba87cd57/bilstm/best.pt,task2_sentiment/Yuyao_Ding/outputs/task2_formal_20260927T020054Z_ba87cd57/bilstm/training_summary.json
task2_formal_20260927T020054Z_ba87cd57_bilstm,training,training_loop_seconds,577.6363257999765,seconds,training,task2_sentiment/Yuyao_Ding/checkpoints/task2_formal_20260927T020054Z_ba87cd57/bilstm/best.pt,task2_sentiment/Yuyao_Ding/outputs/task2_formal_20260927T020054Z_ba87cd57/bilstm/training_summary.json
task2_formal_20260927T020054Z_ba87cd57_bilstm,training,training_wall_seconds_this_segment,609.8073963000206,seconds,training,task2_sentiment/Yuyao_Ding/checkpoints/task2_formal_20260927T020054Z_ba87cd57/bilstm/best.pt,task2_sentiment/Yuyao_Ding/outputs/task2_formal_20260927T020054Z_ba87cd57/bilstm/training_summary.json
task2_formal_20260927T020054Z_ba87cd57_bilstm,training,training_wall_seconds_including_resume,609.8073963000206,seconds,training,task2_sentiment/Yuyao_Ding/checkpoints/task2_formal_20260927T020054Z_ba87cd57/bilstm/best.pt,task2_sentiment/Yuyao_Ding/outputs/task2_formal_20260927T020054Z_ba87cd57/bilstm/training_summary.json
task2_formal_20260927T020054Z_ba87cd57_bilstm,training,training_examples_per_second,4362.03522434375,examples/second,training,task2_sentiment/Yuyao_Ding/checkpoints/task2_formal_20260927T020054Z_ba87cd57/bilstm/best.pt,task2_sentiment/Yuyao_Ding/outputs/task2_formal_20260927T020054Z_ba87cd57/bilstm/training_summary.json
task2_formal_20260927T020054Z_ba87cd57_bilstm,training,nonfinite_events,0.0,events,training,task2_sentiment/Yuyao_Ding/checkpoints/task2_formal_20260927T020054Z_ba87cd57/bilstm/best.pt,task2_sentiment/Yuyao_Ding/outputs/task2_formal_20260927T020054Z_ba87cd57/bilstm/training_summary.json
task2_formal_20260927T020054Z_ba87cd57_bilstm,training,process_lifetime_peak_rss_bytes,6926053376.0,bytes,training,task2_sentiment/Yuyao_Ding/checkpoints/task2_formal_20260927T020054Z_ba87cd57/bilstm/best.pt,task2_sentiment/Yuyao_Ding/outputs/task2_formal_20260927T020054Z_ba87cd57/bilstm/training_summary.json
task2_formal_20260927T020054Z_ba87cd57_bilstm,training,cuda_peak_allocated_bytes,396669440.0,bytes,training,task2_sentiment/Yuyao_Ding/checkpoints/task2_formal_20260927T020054Z_ba87cd57/bilstm/best.pt,task2_sentiment/Yuyao_Ding/outputs/task2_formal_20260927T020054Z_ba87cd57/bilstm/training_summary.json
task2_formal_20260927T020054Z_ba87cd57_bilstm,length_short,count,9590.0,examples,test,task2_sentiment/Yuyao_Ding/checkpoints/task2_formal_20260927T020054Z_ba87cd57/bilstm/best.pt,task2_sentiment/Yuyao_Ding/outputs/task2_formal_20260927T020054Z_ba87cd57/bilstm/slice_metrics.csv
task2_formal_20260927T020054Z_ba87cd57_bilstm,length_short,macro_f1,0.9456899548140425,fraction,test,task2_sentiment/Yuyao_Ding/checkpoints/task2_formal_20260927T020054Z_ba87cd57/bilstm/best.pt,task2_sentiment/Yuyao_Ding/outputs/task2_formal_20260927T020054Z_ba87cd57/bilstm/slice_metrics.csv
task2_formal_20260927T020054Z_ba87cd57_bilstm,length_short,error_rate,0.05213764337851929,fraction,test,task2_sentiment/Yuyao_Ding/checkpoints/task2_formal_20260927T020054Z_ba87cd57/bilstm/best.pt,task2_sentiment/Yuyao_Ding/outputs/task2_formal_20260927T020054Z_ba87cd57/bilstm/slice_metrics.csv
task2_formal_20260927T020054Z_ba87cd57_bilstm,length_medium,count,18952.0,examples,test,task2_sentiment/Yuyao_Ding/checkpoints/task2_formal_20260927T020054Z_ba87cd57/bilstm/best.pt,task2_sentiment/Yuyao_Ding/outputs/task2_formal_20260927T020054Z_ba87cd57/bilstm/slice_metrics.csv
task2_formal_20260927T020054Z_ba87cd57_bilstm,length_medium,macro_f1,0.9492921135708168,fraction,test,task2_sentiment/Yuyao_Ding/checkpoints/task2_formal_20260927T020054Z_ba87cd57/bilstm/best.pt,task2_sentiment/Yuyao_Ding/outputs/task2_formal_20260927T020054Z_ba87cd57/bilstm/slice_metrics.csv
task2_formal_20260927T020054Z_ba87cd57_bilstm,length_medium,error_rate,0.050707049387927396,fraction,test,task2_sentiment/Yuyao_Ding/checkpoints/task2_formal_20260927T020054Z_ba87cd57/bilstm/best.pt,task2_sentiment/Yuyao_Ding/outputs/task2_formal_20260927T020054Z_ba87cd57/bilstm/slice_metrics.csv
task2_formal_20260927T020054Z_ba87cd57_bilstm,length_long,count,9458.0,examples,test,task2_sentiment/Yuyao_Ding/checkpoints/task2_formal_20260927T020054Z_ba87cd57/bilstm/best.pt,task2_sentiment/Yuyao_Ding/outputs/task2_formal_20260927T020054Z_ba87cd57/bilstm/slice_metrics.csv
task2_formal_20260927T020054Z_ba87cd57_bilstm,length_long,macro_f1,0.940601850482108,fraction,test,task2_sentiment/Yuyao_Ding/checkpoints/task2_formal_20260927T020054Z_ba87cd57/bilstm/best.pt,task2_sentiment/Yuyao_Ding/outputs/task2_formal_20260927T020054Z_ba87cd57/bilstm/slice_metrics.csv
task2_formal_20260927T020054Z_ba87cd57_bilstm,length_long,error_rate,0.05635440896595475,fraction,test,task2_sentiment/Yuyao_Ding/checkpoints/task2_formal_20260927T020054Z_ba87cd57/bilstm/best.pt,task2_sentiment/Yuyao_Ding/outputs/task2_formal_20260927T020054Z_ba87cd57/bilstm/slice_metrics.csv
task2_formal_20260927T020054Z_ba87cd57_bilstm,has_negation,count,27949.0,examples,test,task2_sentiment/Yuyao_Ding/checkpoints/task2_formal_20260927T020054Z_ba87cd57/bilstm/best.pt,task2_sentiment/Yuyao_Ding/outputs/task2_formal_20260927T020054Z_ba87cd57/bilstm/slice_metrics.csv
task2_formal_20260927T020054Z_ba87cd57_bilstm,has_negation,macro_f1,0.9444071675880533,fraction,test,task2_sentiment/Yuyao_Ding/checkpoints/task2_formal_20260927T020054Z_ba87cd57/bilstm/best.pt,task2_sentiment/Yuyao_Ding/outputs/task2_formal_20260927T020054Z_ba87cd57/bilstm/slice_metrics.csv
task2_formal_20260927T020054Z_ba87cd57_bilstm,has_negation,error_rate,0.05366918315503238,fraction,test,task2_sentiment/Yuyao_Ding/checkpoints/task2_formal_20260927T020054Z_ba87cd57/bilstm/best.pt,task2_sentiment/Yuyao_Ding/outputs/task2_formal_20260927T020054Z_ba87cd57/bilstm/slice_metrics.csv
task2_formal_20260927T020054Z_ba87cd57_bilstm,no_negation,count,10051.0,examples,test,task2_sentiment/Yuyao_Ding/checkpoints/task2_formal_20260927T020054Z_ba87cd57/bilstm/best.pt,task2_sentiment/Yuyao_Ding/outputs/task2_formal_20260927T020054Z_ba87cd57/bilstm/slice_metrics.csv
task2_formal_20260927T020054Z_ba87cd57_bilstm,no_negation,macro_f1,0.934226948194532,fraction,test,task2_sentiment/Yuyao_Ding/checkpoints/task2_formal_20260927T020054Z_ba87cd57/bilstm/best.pt,task2_sentiment/Yuyao_Ding/outputs/task2_formal_20260927T020054Z_ba87cd57/bilstm/slice_metrics.csv
task2_formal_20260927T020054Z_ba87cd57_bilstm,no_negation,error_rate,0.04914933837429111,fraction,test,task2_sentiment/Yuyao_Ding/checkpoints/task2_formal_20260927T020054Z_ba87cd57/bilstm/best.pt,task2_sentiment/Yuyao_Ding/outputs/task2_formal_20260927T020054Z_ba87cd57/bilstm/slice_metrics.csv
task2_formal_20260927T020054Z_ba87cd57_bilstm,truncated,count,1751.0,examples,test,task2_sentiment/Yuyao_Ding/checkpoints/task2_formal_20260927T020054Z_ba87cd57/bilstm/best.pt,task2_sentiment/Yuyao_Ding/outputs/task2_formal_20260927T020054Z_ba87cd57/bilstm/slice_metrics.csv
task2_formal_20260927T020054Z_ba87cd57_bilstm,truncated,macro_f1,0.9057311810120798,fraction,test,task2_sentiment/Yuyao_Ding/checkpoints/task2_formal_20260927T020054Z_ba87cd57/bilstm/best.pt,task2_sentiment/Yuyao_Ding/outputs/task2_formal_20260927T020054Z_ba87cd57/bilstm/slice_metrics.csv
task2_formal_20260927T020054Z_ba87cd57_bilstm,truncated,error_rate,0.0845231296402056,fraction,test,task2_sentiment/Yuyao_Ding/checkpoints/task2_formal_20260927T020054Z_ba87cd57/bilstm/best.pt,task2_sentiment/Yuyao_Ding/outputs/task2_formal_20260927T020054Z_ba87cd57/bilstm/slice_metrics.csv
task2_formal_20260927T020054Z_ba87cd57_bilstm,not_truncated,count,36249.0,examples,test,task2_sentiment/Yuyao_Ding/checkpoints/task2_formal_20260927T020054Z_ba87cd57/bilstm/best.pt,task2_sentiment/Yuyao_Ding/outputs/task2_formal_20260927T020054Z_ba87cd57/bilstm/slice_metrics.csv
task2_formal_20260927T020054Z_ba87cd57_bilstm,not_truncated,macro_f1,0.9490677170200512,fraction,test,task2_sentiment/Yuyao_Ding/checkpoints/task2_formal_20260927T020054Z_ba87cd57/bilstm/best.pt,task2_sentiment/Yuyao_Ding/outputs/task2_formal_20260927T020054Z_ba87cd57/bilstm/slice_metrics.csv
task2_formal_20260927T020054Z_ba87cd57_bilstm,not_truncated,error_rate,0.050925542773593756,fraction,test,task2_sentiment/Yuyao_Ding/checkpoints/task2_formal_20260927T020054Z_ba87cd57/bilstm/best.pt,task2_sentiment/Yuyao_Ding/outputs/task2_formal_20260927T020054Z_ba87cd57/bilstm/slice_metrics.csv
task2_formal_20260927T020054Z_ba87cd57_bilstm,empty_after_preprocessing,count,1.0,examples,test,task2_sentiment/Yuyao_Ding/checkpoints/task2_formal_20260927T020054Z_ba87cd57/bilstm/best.pt,task2_sentiment/Yuyao_Ding/outputs/task2_formal_20260927T020054Z_ba87cd57/bilstm/slice_metrics.csv
task2_formal_20260927T020054Z_ba87cd57_bilstm,empty_after_preprocessing,macro_f1,0.0,fraction,test,task2_sentiment/Yuyao_Ding/checkpoints/task2_formal_20260927T020054Z_ba87cd57/bilstm/best.pt,task2_sentiment/Yuyao_Ding/outputs/task2_formal_20260927T020054Z_ba87cd57/bilstm/slice_metrics.csv
task2_formal_20260927T020054Z_ba87cd57_bilstm,empty_after_preprocessing,error_rate,1.0,fraction,test,task2_sentiment/Yuyao_Ding/checkpoints/task2_formal_20260927T020054Z_ba87cd57/bilstm/best.pt,task2_sentiment/Yuyao_Ding/outputs/task2_formal_20260927T020054Z_ba87cd57/bilstm/slice_metrics.csv
task2_formal_20260927T020054Z_ba87cd57_textcnn,baseline_vs_textcnn,mcnemar_p_value,9.483882223889515e-09,probability,test,task2_sentiment/Yuyao_Ding/checkpoints/task2_formal_20260927T020054Z_ba87cd57/textcnn/best.pt,task2_sentiment/Yuyao_Ding/outputs/task2_formal_20260927T020054Z_ba87cd57/mcnemar.csv
task2_formal_20260927T020054Z_ba87cd57_textcnn,baseline_vs_textcnn,mcnemar_p_value_holm,9.483882223889515e-09,probability,test,task2_sentiment/Yuyao_Ding/checkpoints/task2_formal_20260927T020054Z_ba87cd57/textcnn/best.pt,task2_sentiment/Yuyao_Ding/outputs/task2_formal_20260927T020054Z_ba87cd57/mcnemar.csv
task2_formal_20260927T020054Z_ba87cd57_textcnn,baseline_vs_textcnn,mcnemar_baseline_only_correct,770.0,examples,test,task2_sentiment/Yuyao_Ding/checkpoints/task2_formal_20260927T020054Z_ba87cd57/textcnn/best.pt,task2_sentiment/Yuyao_Ding/outputs/task2_formal_20260927T020054Z_ba87cd57/mcnemar.csv
task2_formal_20260927T020054Z_ba87cd57_textcnn,baseline_vs_textcnn,mcnemar_experimental_only_correct,1013.0,examples,test,task2_sentiment/Yuyao_Ding/checkpoints/task2_formal_20260927T020054Z_ba87cd57/textcnn/best.pt,task2_sentiment/Yuyao_Ding/outputs/task2_formal_20260927T020054Z_ba87cd57/mcnemar.csv
task2_formal_20260927T020054Z_ba87cd57_textcnn,baseline_vs_textcnn,mcnemar_both_correct,34663.0,examples,test,task2_sentiment/Yuyao_Ding/checkpoints/task2_formal_20260927T020054Z_ba87cd57/textcnn/best.pt,task2_sentiment/Yuyao_Ding/outputs/task2_formal_20260927T020054Z_ba87cd57/mcnemar.csv
task2_formal_20260927T020054Z_ba87cd57_textcnn,baseline_vs_textcnn,mcnemar_both_wrong,1554.0,examples,test,task2_sentiment/Yuyao_Ding/checkpoints/task2_formal_20260927T020054Z_ba87cd57/textcnn/best.pt,task2_sentiment/Yuyao_Ding/outputs/task2_formal_20260927T020054Z_ba87cd57/mcnemar.csv
task2_formal_20260927T020054Z_ba87cd57_bilstm,baseline_vs_bilstm,mcnemar_p_value,1.0683471041927307e-39,probability,test,task2_sentiment/Yuyao_Ding/checkpoints/task2_formal_20260927T020054Z_ba87cd57/bilstm/best.pt,task2_sentiment/Yuyao_Ding/outputs/task2_formal_20260927T020054Z_ba87cd57/mcnemar.csv
task2_formal_20260927T020054Z_ba87cd57_bilstm,baseline_vs_bilstm,mcnemar_p_value_holm,2.1366942083854615e-39,probability,test,task2_sentiment/Yuyao_Ding/checkpoints/task2_formal_20260927T020054Z_ba87cd57/bilstm/best.pt,task2_sentiment/Yuyao_Ding/outputs/task2_formal_20260927T020054Z_ba87cd57/mcnemar.csv
task2_formal_20260927T020054Z_ba87cd57_bilstm,baseline_vs_bilstm,mcnemar_baseline_only_correct,669.0,examples,test,task2_sentiment/Yuyao_Ding/checkpoints/task2_formal_20260927T020054Z_ba87cd57/bilstm/best.pt,task2_sentiment/Yuyao_Ding/outputs/task2_formal_20260927T020054Z_ba87cd57/mcnemar.csv
task2_formal_20260927T020054Z_ba87cd57_bilstm,baseline_vs_bilstm,mcnemar_experimental_only_correct,1242.0,examples,test,task2_sentiment/Yuyao_Ding/checkpoints/task2_formal_20260927T020054Z_ba87cd57/bilstm/best.pt,task2_sentiment/Yuyao_Ding/outputs/task2_formal_20260927T020054Z_ba87cd57/mcnemar.csv
task2_formal_20260927T020054Z_ba87cd57_bilstm,baseline_vs_bilstm,mcnemar_both_correct,34764.0,examples,test,task2_sentiment/Yuyao_Ding/checkpoints/task2_formal_20260927T020054Z_ba87cd57/bilstm/best.pt,task2_sentiment/Yuyao_Ding/outputs/task2_formal_20260927T020054Z_ba87cd57/mcnemar.csv
task2_formal_20260927T020054Z_ba87cd57_bilstm,baseline_vs_bilstm,mcnemar_both_wrong,1325.0,examples,test,task2_sentiment/Yuyao_Ding/checkpoints/task2_formal_20260927T020054Z_ba87cd57/bilstm/best.pt,task2_sentiment/Yuyao_Ding/outputs/task2_formal_20260927T020054Z_ba87cd57/mcnemar.csv
