run_id,metric,value,unit,setting,source
20261005-223946_L8H8C512T512,Training cross-entropy loss,0.447569,nats/char,"train split, dropout off",ckpt_best.pt (epoch 10)
20261005-223946_L8H8C512T512,Validation cross-entropy loss,0.474203,nats/char,full val split,ckpt_best.pt (epoch 10)
20261005-223946_L8H8C512T512,Perplexity (validation),1.606734,,exp(val CE),ckpt_best.pt (epoch 10)
20261005-223946_L8H8C512T512,Perplexity (training),1.564504,,exp(train CE),ckpt_best.pt (epoch 10)
20261005-223946_L8H8C512T512,Bits-per-character (validation),0.684131,bits/char,val CE / ln 2,ckpt_best.pt (epoch 10)
20261005-223946_L8H8C512T512,Bits-per-character (training),0.645705,bits/char,train CE / ln 2,ckpt_best.pt (epoch 10)
20261005-223946_L8H8C512T512,Generalization gap,0.026635,nats/char,val CE - train CE,ckpt_best.pt (epoch 10)
20261005-223946_L8H8C512T512,Generalization gap (relative),5.950993,%,val CE / train CE - 1,ckpt_best.pt (epoch 10)
20261005-223946_L8H8C512T512,Top-1 next-character accuracy (validation),84.735308,%,full val split,ckpt_best.pt (epoch 10)
20261005-223946_L8H8C512T512,Top-1 next-character accuracy (training),85.436688,%,train split,ckpt_best.pt (epoch 10)
20261005-223946_L8H8C512T512,"Top-1 accuracy, word start targets (validation)",56.325019,%,19.6% of targets,ckpt_best.pt (epoch 10)
20261005-223946_L8H8C512T512,"Top-1 accuracy, inside word targets (validation)",92.034123,%,56.4% of targets,ckpt_best.pt (epoch 10)
20261005-223946_L8H8C512T512,"Top-1 accuracy, space / punctuation targets (validation)",90.524252,%,24.0% of targets,ckpt_best.pt (epoch 10)
20261005-223946_L8H8C512T512,Distinct-1,0.211786,ratio,"t=0.8 sampling, 2257 word budget",ckpt_best.pt (epoch 10)
20261005-223946_L8H8C512T512,Distinct-2,0.654618,ratio,"t=0.8 sampling, 2257 word budget",ckpt_best.pt (epoch 10)
20261005-223946_L8H8C512T512,Distinct-3,0.868764,ratio,"t=0.8 sampling, 2257 word budget",ckpt_best.pt (epoch 10)
20261005-223946_L8H8C512T512,Repeated 4-gram rate,1.352151,%,t=0.8 sampling,ckpt_best.pt (epoch 10)
20261005-223946_L8H8C512T512,Invented-word rate,0.032773,%,t=0.8 sampling,ckpt_best.pt (epoch 10)
20261005-223946_L8H8C512T512,Distinct-1,0.125388,ratio,"greedy, 2257 word budget",ckpt_best.pt (epoch 10)
20261005-223946_L8H8C512T512,Distinct-2,0.378849,ratio,"greedy, 2257 word budget",ckpt_best.pt (epoch 10)
20261005-223946_L8H8C512T512,Distinct-3,0.50427,ratio,"greedy, 2257 word budget",ckpt_best.pt (epoch 10)
20261005-223946_L8H8C512T512,Repeated 4-gram rate,5.920442,%,greedy,ckpt_best.pt (epoch 10)
20261005-223946_L8H8C512T512,Invented-word rate,0.0,%,greedy,ckpt_best.pt (epoch 10)
20261005-223946_L8H8C512T512,Distinct-1,0.2428,ratio,"real val stories, 2257 word budget",ckpt_best.pt (epoch 10)
20261005-223946_L8H8C512T512,Distinct-2,0.723015,ratio,"real val stories, 2257 word budget",ckpt_best.pt (epoch 10)
20261005-223946_L8H8C512T512,Distinct-3,0.918276,ratio,"real val stories, 2257 word budget",ckpt_best.pt (epoch 10)
20261005-223946_L8H8C512T512,Repeated 4-gram rate,1.091203,%,real val stories,ckpt_best.pt (epoch 10)
20261005-223946_L8H8C512T512,Invented-word rate,0.082942,%,real val stories,ckpt_best.pt (epoch 10)
20261005-223946_L8H8C512T512,Gradient norm mean,0.154129,L2,"post warm-up, pre-clip",training run
20261005-223946_L8H8C512T512,Gradient norm median,0.144855,L2,"post warm-up, pre-clip",training run
20261005-223946_L8H8C512T512,Gradient norm p99,0.340872,L2,"post warm-up, pre-clip",training run
20261005-223946_L8H8C512T512,Gradient norm max,25.532104,L2,"all steps, pre-clip",training run
20261005-223946_L8H8C512T512,Steps clipped,1.056287,%,grad norm > 1.0,training run
20261005-223946_L8H8C512T512,Loss spikes,0.0,count,loss > 1.3 x EMA after warm-up,training run
20261005-223946_L8H8C512T512,NaN / Inf steps,0.0,count,non-finite loss or gradient,training run
20261005-223946_L8H8C512T512,Parameter count (total),25564160.0,params,,model
20261005-223946_L8H8C512T512,Parameter count (non-embedding),25261056.0,params,,model
20261005-223946_L8H8C512T512,Training throughput,452013.261136,tokens/s,steady-state optimizer steps,training run
20261005-223946_L8H8C512T512,Generation throughput (single stream),96.053166,tokens/s,"batch 1, no KV-cache",ckpt_best.pt (epoch 10)
20261005-223946_L8H8C512T512,Generation throughput (batch 32),2182.47643,tokens/s,"batch 32, no KV-cache",ckpt_best.pt (epoch 10)
20261005-223946_L8H8C512T512,Peak GPU memory (allocated),10.586835,GiB,torch.cuda.max_memory_allocated,training run
20261005-223946_L8H8C512T512,Peak GPU memory (reserved),10.789062,GiB,torch.cuda.max_memory_reserved,training run
20261005-223946_L8H8C512T512,Total training time,36.910712,min,10 epochs incl. evaluation,training run
20261005-223946_L8H8C512T512,Epochs trained,10.0,epochs,"27,360 steps",training run
20261005-223946_L8H8C512T512,Best epoch (val CE),10.0,epoch,,training run
